niche,rating,review_count,website_missing,has_phone,has_description,name_token_count,address_completeness,proxy_score,worth_outreach,label_source
local service business,3.94,112,1,1,0,3,0.8061309077421026,5.6,0,proxy:v1-sales-heuristic-2026-09
home services,3.9,36,0,1,0,5,0.8996890462857359,3.6,1,proxy:v1-sales-heuristic-2026-09
local service business,4.57,23,0,1,1,4,0.981970112162505,2.6,0,proxy:v1-sales-heuristic-2026-09
pets,4.6,2022,0,1,0,1,0.8946624135947524,1.5,0,proxy:v1-sales-heuristic-2026-09
automotive,3.86,85,0,1,1,1,0.5048147066023905,3.6,1,proxy:v1-sales-heuristic-2026-09
local service business,3.93,9,1,1,1,6,0.7131467336773841,5.6,1,proxy:v1-sales-heuristic-2026-09
legal services,4.45,22,1,1,1,4,0.8494485175725109,6.6,1,proxy:v1-sales-heuristic-2026-09
local service business,3.69,3,0,1,0,6,0.9724089012785635,2.0,0,proxy:v1-sales-heuristic-2026-09
automotive,3.92,2002,0,1,0,1,0.5288484414325167,1.5,0,proxy:v1-sales-heuristic-2026-09
home services,4.2,237,0,1,0,3,0.9803979995194979,3.6,1,proxy:v1-sales-heuristic-2026-09
food & beverage,4.7,26,0,1,1,4,0.601719898234174,3.6,1,proxy:v1-sales-heuristic-2026-09
local service business,3.82,2,0,1,0,6,0.8302920157057603,2.0,0,proxy:v1-sales-heuristic-2026-09
fitness,3.14,47,0,1,1,5,0.7769360629056037,2.8000000000000003,0,proxy:v1-sales-heuristic-2026-09
local service business,3.1,9,0,1,0,4,0.8986856428759175,1.7999999999999998,0,proxy:v1-sales-heuristic-2026-09
home services,3.46,11,0,1,1,2,0.9073433304939146,3.6,1,proxy:v1-sales-heuristic-2026-09
beauty & personal care,3.43,48,1,1,0,6,0.3532160340050292,6.6,1,proxy:v1-sales-heuristic-2026-09
health care,4.06,32,1,1,0,2,0.7602696163249704,6.6,1,proxy:v1-sales-heuristic-2026-09
automotive,3.5,14,0,1,0,2,0.8672075245735331,3.6,1,proxy:v1-sales-heuristic-2026-09
local service business,3.76,12,0,1,0,5,0.9350093784158464,2.6,0,proxy:v1-sales-heuristic-2026-09
fitness,3.72,28,0,1,0,6,0.4819948395331118,3.6,1,proxy:v1-sales-heuristic-2026-09
legal services,3.91,15,0,1,0,6,0.6753539708745223,3.6,1,proxy:v1-sales-heuristic-2026-09
food & beverage,4.88,2448,0,1,0,2,0.646158254750123,-0.2999999999999998,0,proxy:v1-sales-heuristic-2026-09
local service business,4.51,17,0,1,0,5,0.9483753843598293,2.6,0,proxy:v1-sales-heuristic-2026-09
local service business,4.16,35,0,0,0,3,0.8308033209968004,1.4,0,proxy:v1-sales-heuristic-2026-09
local service business,3.9,20,0,1,0,2,0.9711954868168687,2.6,0,proxy:v1-sales-heuristic-2026-09
beauty & personal care,3.91,5,1,1,0,6,0.9088072687792068,6.0,1,proxy:v1-sales-heuristic-2026-09
home services,4.33,72,0,1,0,6,0.37931572369213096,3.6,1,proxy:v1-sales-heuristic-2026-09
automotive,4.47,1,1,1,0,3,0.5282603214259733,6.0,1,proxy:v1-sales-heuristic-2026-09
automotive,3.65,15,1,1,1,1,0.5105168276081862,6.6,1,proxy:v1-sales-heuristic-2026-09
pets,4.17,12,1,0,0,2,0.8869458408880108,5.3999999999999995,1,proxy:v1-sales-heuristic-2026-09
legal services,3.03,28,0,1,0,4,0.8356346779727977,2.8000000000000003,0,proxy:v1-sales-heuristic-2026-09
local service business,4.27,45,0,1,0,1,0.7732071196391214,2.6,0,proxy:v1-sales-heuristic-2026-09
food & beverage,4.57,84,0,1,0,2,0.8842548710301891,3.6,1,proxy:v1-sales-heuristic-2026-09
food & beverage,4.0,11,0,1,1,1,0.8694977770663945,3.6,1,proxy:v1-sales-heuristic-2026-09
home services,5.0,46,1,0,0,6,0.9035915573756654,4.6,0,proxy:v1-sales-heuristic-2026-09
beauty & personal care,3.67,30,1,0,0,3,0.8874013604697978,5.3999999999999995,1,proxy:v1-sales-heuristic-2026-09
automotive,4.27,3,1,1,1,3,0.6480484641591686,6.0,1,proxy:v1-sales-heuristic-2026-09
home services,4.13,198,0,1,0,3,0.8587330014986889,3.6,1,proxy:v1-sales-heuristic-2026-09
beauty & personal care,4.09,5,0,1,1,1,0.9524825735064277,3.0,1,proxy:v1-sales-heuristic-2026-09
fitness,4.09,38,0,1,0,4,0.9447598089357635,3.6,1,proxy:v1-sales-heuristic-2026-09
home services,4.21,37,0,1,0,6,0.5678571985325472,3.6,1,proxy:v1-sales-heuristic-2026-09
local service business,4.62,33,0,1,0,5,0.9309021067446199,2.6,0,proxy:v1-sales-heuristic-2026-09
pets,4.91,14,0,1,1,2,0.638519088677019,2.8000000000000003,0,proxy:v1-sales-heuristic-2026-09
food & beverage,4.15,60,0,1,1,1,0.63634369387227,3.6,1,proxy:v1-sales-heuristic-2026-09
local service business,4.6,4,0,1,1,5,0.8237141750161956,2.0,0,proxy:v1-sales-heuristic-2026-09
local service business,3.76,22,0,1,0,6,0.548422286946984,2.6,0,proxy:v1-sales-heuristic-2026-09
food & beverage,4.57,13,0,1,0,6,0.8485105646183783,3.6,1,proxy:v1-sales-heuristic-2026-09
beauty & personal care,3.73,11,0,1,0,4,0.6341831738491449,3.6,1,proxy:v1-sales-heuristic-2026-09
pets,4.75,39,0,1,0,3,0.6787133899369551,2.8000000000000003,0,proxy:v1-sales-heuristic-2026-09
automotive,5.0,80,0,1,1,5,0.869428924600676,2.8000000000000003,0,proxy:v1-sales-heuristic-2026-09
beauty & personal care,4.08,16,1,1,1,5,0.7579951813099055,6.6,1,proxy:v1-sales-heuristic-2026-09
automotive,2.94,57,0,1,0,5,0.6791812483473988,2.8000000000000003,0,proxy:v1-sales-heuristic-2026-09
local service business,3.85,3049,0,1,0,2,0.49624165150666516,-0.30000000000000004,0,proxy:v1-sales-heuristic-2026-09
fitness,4.83,9,0,1,1,6,0.5643222359935071,2.8000000000000003,0,proxy:v1-sales-heuristic-2026-09
pets,4.45,18,0,1,0,1,0.7511491657254441,3.6,1,proxy:v1-sales-heuristic-2026-09
local service business,4.29,17,0,1,0,1,0.5388597467332377,2.6,1,proxy:v1-sales-heuristic-2026-09
home services,4.7,11,0,1,1,4,0.9298992307797351,3.6,1,proxy:v1-sales-heuristic-2026-09
health care,4.42,39,0,1,1,4,0.9773272676869106,3.6,1,proxy:v1-sales-heuristic-2026-09
automotive,4.82,1530,0,1,0,4,0.7068461433531397,0.7000000000000002,0,proxy:v1-sales-heuristic-2026-09
automotive,4.66,4,0,1,1,6,0.8701454058538822,3.0,0,proxy:v1-sales-heuristic-2026-09
fitness,4.99,3,0,1,0,6,0.6581163351999312,2.2,0,proxy:v1-sales-heuristic-2026-09
home services,4.35,39,0,1,0,5,0.7899170049320322,3.6,1,proxy:v1-sales-heuristic-2026-09
health care,4.65,10,1,1,0,1,0.8408656960725766,6.6,1,proxy:v1-sales-heuristic-2026-09
legal services,3.98,34,1,1,0,1,0.7111015192526786,6.6,1,proxy:v1-sales-heuristic-2026-09
fitness,3.82,57,0,1,1,1,0.6292886733591604,3.6,1,proxy:v1-sales-heuristic-2026-09
health care,5.0,6,0,1,0,4,0.8509194828504562,2.2,0,proxy:v1-sales-heuristic-2026-09
health care,4.27,5,1,1,1,5,0.9940665561173215,6.0,1,proxy:v1-sales-heuristic-2026-09
food & beverage,4.59,154,0,1,0,5,0.7758027808783474,3.6,1,proxy:v1-sales-heuristic-2026-09
automotive,4.22,36,0,1,0,1,0.5628882269038695,3.6,1,proxy:v1-sales-heuristic-2026-09
home services,3.83,15,0,1,0,2,0.9750191082287673,3.6,1,proxy:v1-sales-heuristic-2026-09
beauty & personal care,4.16,8,0,0,0,3,0.8808837309247408,2.4,0,proxy:v1-sales-heuristic-2026-09
food & beverage,4.94,13,0,1,1,4,0.7264521254307148,2.8000000000000003,0,proxy:v1-sales-heuristic-2026-09
local service business,4.46,6,1,1,0,1,0.6205402732756277,5.0,1,proxy:v1-sales-heuristic-2026-09
beauty & personal care,3.21,64,1,1,0,6,0.7381135604377032,6.6,1,proxy:v1-sales-heuristic-2026-09
automotive,4.03,10,0,1,1,1,0.888363364754904,3.6,0,proxy:v1-sales-heuristic-2026-09
beauty & personal care,5.0,81,0,1,1,4,0.8698114320054209,2.8000000000000003,0,proxy:v1-sales-heuristic-2026-09
beauty & personal care,4.03,15,0,1,0,6,0.8080999405041533,3.6,1,proxy:v1-sales-heuristic-2026-09
fitness,3.16,7,1,1,0,2,0.7450887665139825,5.2,1,proxy:v1-sales-heuristic-2026-09
health care,5.0,15,0,1,1,5,0.9028141461357275,2.8000000000000003,0,proxy:v1-sales-heuristic-2026-09
local service business,4.53,1,0,1,1,4,0.4701621279423623,2.0,0,proxy:v1-sales-heuristic-2026-09
fitness,4.11,21,0,1,0,5,0.9489565589543961,3.6,1,proxy:v1-sales-heuristic-2026-09
food & beverage,3.95,20,0,1,0,4,0.6955571583773817,3.6,1,proxy:v1-sales-heuristic-2026-09
local service business,4.75,60,1,1,0,6,0.5596739038502058,4.8,1,proxy:v1-sales-heuristic-2026-09
automotive,3.85,2215,0,0,1,3,0.749071013686068,0.30000000000000004,1,proxy:v1-sales-heuristic-2026-09
automotive,4.78,88,1,1,0,1,0.7382886277247324,5.8,1,proxy:v1-sales-heuristic-2026-09
automotive,4.45,60,0,1,0,5,0.9066782773472493,3.6,1,proxy:v1-sales-heuristic-2026-09
pets,4.28,97,0,0,0,6,0.7973495201842415,2.4,0,proxy:v1-sales-heuristic-2026-09
home services,4.23,23,0,0,0,3,0.7566755750983729,2.4,0,proxy:v1-sales-heuristic-2026-09
automotive,4.05,74,0,1,0,5,0.9097028549852506,3.6,1,proxy:v1-sales-heuristic-2026-09
home services,4.73,4,0,1,0,6,0.9390984021016089,2.2,1,proxy:v1-sales-heuristic-2026-09
automotive,3.67,1365,0,1,1,4,0.7160329936205789,1.5,0,proxy:v1-sales-heuristic-2026-09
pets,3.26,10,0,1,1,5,0.5785776875269828,3.6,1,proxy:v1-sales-heuristic-2026-09
home services,4.49,3,0,1,1,4,0.9018109444404279,3.0,0,proxy:v1-sales-heuristic-2026-09
food & beverage,4.5,7,0,1,1,5,0.5722724733792081,3.0,0,proxy:v1-sales-heuristic-2026-09
food & beverage,4.41,24,0,1,0,3,0.451518510384139,3.6,1,proxy:v1-sales-heuristic-2026-09
fitness,4.37,9,1,1,1,4,0.7908428600855284,6.6,1,proxy:v1-sales-heuristic-2026-09
food & beverage,3.97,37,0,1,0,1,0.9658345035653139,3.6,1,proxy:v1-sales-heuristic-2026-09
automotive,4.58,3,1,1,1,2,0.8083450348035522,6.0,1,proxy:v1-sales-heuristic-2026-09
automotive,4.12,2,1,1,0,4,0.666285690267469,6.0,1,proxy:v1-sales-heuristic-2026-09
local service business,3.88,111,0,1,0,5,0.9841358578564596,2.6,0,proxy:v1-sales-heuristic-2026-09
local service business,3.98,66,0,0,1,1,0.9203995396188613,1.4,0,proxy:v1-sales-heuristic-2026-09
pets,5.0,7,0,0,0,1,0.7778481716214718,1.0,1,proxy:v1-sales-heuristic-2026-09
beauty & personal care,3.2,24,0,1,0,1,0.6961731971596096,3.6,1,proxy:v1-sales-heuristic-2026-09
local service business,4.42,75,0,1,0,4,0.5733063860342126,2.6,0,proxy:v1-sales-heuristic-2026-09
local service business,3.23,38,0,0,0,3,0.7785409096348738,1.4,0,proxy:v1-sales-heuristic-2026-09
pets,4.09,28,0,0,0,1,0.612542995847764,2.4,0,proxy:v1-sales-heuristic-2026-09
home services,3.91,81,0,0,0,5,0.7404945701198536,2.4,0,proxy:v1-sales-heuristic-2026-09
beauty & personal care,3.0,10,0,1,0,4,0.8278792762033114,2.8000000000000003,0,proxy:v1-sales-heuristic-2026-09
automotive,4.36,25,0,1,1,1,0.8542421141895294,3.6,1,proxy:v1-sales-heuristic-2026-09
local service business,3.94,24,0,1,1,5,0.842477722614311,2.6,0,proxy:v1-sales-heuristic-2026-09
home services,3.0,18,0,1,0,6,0.6586827278471898,2.8000000000000003,0,proxy:v1-sales-heuristic-2026-09
beauty & personal care,4.61,15,0,1,0,3,0.544759312943872,3.6,1,proxy:v1-sales-heuristic-2026-09
food & beverage,4.94,26,1,1,0,6,0.7177270735952778,5.8,1,proxy:v1-sales-heuristic-2026-09
health care,4.97,25,1,1,0,3,0.5476231772751484,5.8,1,proxy:v1-sales-heuristic-2026-09
automotive,4.35,7,0,1,0,1,0.41662436217263654,3.0,0,proxy:v1-sales-heuristic-2026-09
local service business,4.18,59,1,1,1,1,0.6597810410379893,5.6,1,proxy:v1-sales-heuristic-2026-09
legal services,4.88,8,0,1,0,1,0.45887812146756357,2.8000000000000003,0,proxy:v1-sales-heuristic-2026-09
pets,5.0,19,0,1,0,2,0.3339245974163729,2.8000000000000003,0,proxy:v1-sales-heuristic-2026-09
home services,4.77,17,0,1,0,3,0.9502653408192318,2.8000000000000003,0,proxy:v1-sales-heuristic-2026-09
fitness,3.63,36,0,0,1,3,0.5963948123954304,2.4,0,proxy:v1-sales-heuristic-2026-09
health care,4.26,2,0,1,1,3,0.8049072745861524,3.0,0,proxy:v1-sales-heuristic-2026-09
fitness,4.39,65,1,1,0,6,0.8558750763857478,6.6,1,proxy:v1-sales-heuristic-2026-09
automotive,3.15,11,1,1,0,1,0.9177834944899057,5.8,1,proxy:v1-sales-heuristic-2026-09
food & beverage,4.41,93,0,1,0,6,0.6098614437748404,3.6,1,proxy:v1-sales-heuristic-2026-09
automotive,5.0,14,0,1,1,2,0.8774680398456103,2.8000000000000003,0,proxy:v1-sales-heuristic-2026-09
home services,4.5,1209,0,1,0,6,0.9667260683891616,1.5,0,proxy:v1-sales-heuristic-2026-09
food & beverage,4.96,201,0,1,0,1,0.9377611602341354,2.8000000000000003,0,proxy:v1-sales-heuristic-2026-09
automotive,4.25,18,0,1,0,1,0.6406813690513171,3.6,1,proxy:v1-sales-heuristic-2026-09
automotive,4.11,95,1,0,0,1,0.9653938411266083,5.3999999999999995,1,proxy:v1-sales-heuristic-2026-09
health care,4.36,25,0,1,0,2,0.9333186185810538,3.6,1,proxy:v1-sales-heuristic-2026-09
automotive,3.7,38,1,1,0,6,0.8636161067741701,6.6,1,proxy:v1-sales-heuristic-2026-09
local service business,3.62,26,0,1,0,3,0.639013745211622,2.6,0,proxy:v1-sales-heuristic-2026-09
health care,4.85,62,0,1,0,1,0.7342397433525247,2.8000000000000003,0,proxy:v1-sales-heuristic-2026-09
food & beverage,4.9,1508,0,0,1,4,0.9063914079175148,-1.5,0,proxy:v1-sales-heuristic-2026-09
health care,3.6,8,0,1,0,4,0.9205805131096387,3.6,1,proxy:v1-sales-heuristic-2026-09
automotive,4.68,12,0,1,0,5,0.8582440832902991,3.6,1,proxy:v1-sales-heuristic-2026-09
local service business,4.1,27,0,1,0,5,0.5181487388379734,2.6,0,proxy:v1-sales-heuristic-2026-09
home services,4.34,19,0,0,0,5,0.897753968528644,2.4,0,proxy:v1-sales-heuristic-2026-09
local service business,4.4,2732,0,1,0,1,0.6031671123203647,-0.30000000000000004,0,proxy:v1-sales-heuristic-2026-09
automotive,4.7,103,0,1,1,3,0.6605489024416439,3.6,0,proxy:v1-sales-heuristic-2026-09
home services,4.2,8,0,1,1,4,0.9602261291512958,3.6,1,proxy:v1-sales-heuristic-2026-09
home services,4.93,10,0,1,1,4,0.6638802834481704,2.8000000000000003,0,proxy:v1-sales-heuristic-2026-09
local service business,4.32,5,0,1,1,6,0.717908737663254,2.0,0,proxy:v1-sales-heuristic-2026-09
health care,4.49,228,0,1,1,6,0.8700625834261504,3.6,1,proxy:v1-sales-heuristic-2026-09
home services,3.69,34,1,1,0,5,0.838183801000877,6.6,1,proxy:v1-sales-heuristic-2026-09
beauty & personal care,5.0,41,0,1,1,2,0.8685813696687449,2.8000000000000003,0,proxy:v1-sales-heuristic-2026-09
food & beverage,4.41,5,0,1,0,4,0.9167396992152302,3.0,0,proxy:v1-sales-heuristic-2026-09
home services,4.54,24,1,1,0,5,0.9336684397607669,6.6,1,proxy:v1-sales-heuristic-2026-09
home services,3.27,42,0,1,1,2,0.8396027111630083,3.6,1,proxy:v1-sales-heuristic-2026-09
automotive,3.7,18,1,1,0,5,0.9440213068618382,6.6,1,proxy:v1-sales-heuristic-2026-09
local service business,4.83,80,1,1,0,2,0.7765688833374511,4.8,1,proxy:v1-sales-heuristic-2026-09
local service business,4.31,312,0,1,0,1,0.44273079829931195,1.2,0,proxy:v1-sales-heuristic-2026-09
automotive,3.1,8,1,1,0,2,0.8479267334296505,5.8,1,proxy:v1-sales-heuristic-2026-09
health care,4.72,7,1,0,0,6,0.9711735137317771,4.0,1,proxy:v1-sales-heuristic-2026-09
automotive,3.85,9,0,1,1,6,0.7113927774228515,3.6,0,proxy:v1-sales-heuristic-2026-09
fitness,4.93,143,0,1,0,6,0.5424448992303466,2.8000000000000003,0,proxy:v1-sales-heuristic-2026-09
beauty & personal care,4.1,77,1,1,1,2,0.912583953402886,6.6,1,proxy:v1-sales-heuristic-2026-09
fitness,4.26,21,0,1,0,5,0.7795968702607277,3.6,1,proxy:v1-sales-heuristic-2026-09
pets,4.8,25,0,1,1,2,0.6874111775353039,2.8000000000000003,0,proxy:v1-sales-heuristic-2026-09
legal services,3.66,9,1,1,0,1,0.8051712122107288,6.6,1,proxy:v1-sales-heuristic-2026-09
automotive,3.6,65,1,1,0,2,0.7848153336100544,6.6,1,proxy:v1-sales-heuristic-2026-09
local service business,4.04,16,0,1,1,1,0.5216978523489761,2.6,0,proxy:v1-sales-heuristic-2026-09
beauty & personal care,4.6,18,0,0,1,4,0.7407961213684529,2.4,0,proxy:v1-sales-heuristic-2026-09
automotive,3.42,47,0,1,1,5,0.305220457844949,3.6,1,proxy:v1-sales-heuristic-2026-09
health care,3.23,19,0,0,0,1,0.9159054409575098,2.4,0,proxy:v1-sales-heuristic-2026-09
food & beverage,4.6,18,0,1,0,1,0.7026360581679284,3.6,1,proxy:v1-sales-heuristic-2026-09
local service business,3.82,24,0,0,1,3,0.932812409271169,1.4,0,proxy:v1-sales-heuristic-2026-09
local service business,3.93,58,1,1,0,1,0.8701479715676841,5.6,1,proxy:v1-sales-heuristic-2026-09
food & beverage,3.13,150,0,0,1,5,0.8885185234597475,1.6,0,proxy:v1-sales-heuristic-2026-09
local service business,3.78,46,0,1,0,3,0.8197093693602341,2.6,0,proxy:v1-sales-heuristic-2026-09
beauty & personal care,4.15,59,1,1,0,3,0.8064633385498982,6.6,1,proxy:v1-sales-heuristic-2026-09
home services,4.66,19,0,1,0,1,0.7911684360034478,3.6,1,proxy:v1-sales-heuristic-2026-09
beauty & personal care,3.73,11,0,1,0,5,0.6217723677646868,3.6,1,proxy:v1-sales-heuristic-2026-09
local service business,5.0,50,0,1,1,5,0.980161578094205,1.7999999999999998,0,proxy:v1-sales-heuristic-2026-09
automotive,3.77,29,0,0,1,5,0.49155070680692103,2.4,0,proxy:v1-sales-heuristic-2026-09
automotive,3.77,5,0,1,0,4,0.6066208876444144,3.0,0,proxy:v1-sales-heuristic-2026-09
home services,5.0,17,1,1,1,2,0.534362067344298,5.8,1,proxy:v1-sales-heuristic-2026-09
local service business,4.27,1869,1,1,1,1,0.9367888241595935,3.5,1,proxy:v1-sales-heuristic-2026-09
local service business,3.85,13,0,1,1,2,0.8648323387532835,2.6,0,proxy:v1-sales-heuristic-2026-09
legal services,4.06,125,0,0,0,4,0.8832026356093187,2.4,0,proxy:v1-sales-heuristic-2026-09
local service business,4.89,41,0,1,0,1,0.9790355061399737,1.7999999999999998,0,proxy:v1-sales-heuristic-2026-09
local service business,4.96,111,0,1,0,1,0.7817069421724641,1.7999999999999998,0,proxy:v1-sales-heuristic-2026-09
home services,3.7,32,0,1,0,2,0.9264307847007222,3.6,0,proxy:v1-sales-heuristic-2026-09
food & beverage,4.13,26,0,1,1,1,0.896211052263229,3.6,1,proxy:v1-sales-heuristic-2026-09
local service business,4.2,8,1,1,0,1,0.6785470348017997,5.6,1,proxy:v1-sales-heuristic-2026-09
fitness,3.61,24,0,1,0,3,0.8353451920066569,3.6,1,proxy:v1-sales-heuristic-2026-09
food & beverage,4.12,24,0,1,1,5,0.4969029654767682,3.6,1,proxy:v1-sales-heuristic-2026-09
automotive,4.15,5,0,1,0,3,0.6624054856464134,3.0,0,proxy:v1-sales-heuristic-2026-09
legal services,4.78,13,0,1,0,1,0.9196491933252908,2.8000000000000003,0,proxy:v1-sales-heuristic-2026-09
beauty & personal care,4.81,17,1,1,0,3,0.824333419570726,5.8,1,proxy:v1-sales-heuristic-2026-09
local service business,3.97,38,0,1,0,1,0.8773631769982708,2.6,0,proxy:v1-sales-heuristic-2026-09
beauty & personal care,4.03,40,1,0,0,4,0.7292771019023866,5.3999999999999995,1,proxy:v1-sales-heuristic-2026-09
automotive,4.52,12,1,0,0,2,0.9877018911661575,5.3999999999999995,1,proxy:v1-sales-heuristic-2026-09
local service business,3.83,41,1,0,0,3,0.724938787081232,4.3999999999999995,1,proxy:v1-sales-heuristic-2026-09
automotive,4.47,20,0,1,0,6,0.84189654033835,3.6,1,proxy:v1-sales-heuristic-2026-09
automotive,4.1,1,0,1,0,4,0.9047379226792347,3.0,0,proxy:v1-sales-heuristic-2026-09
health care,3.62,14,0,1,0,5,0.7879339330061472,3.6,1,proxy:v1-sales-heuristic-2026-09
local service business,3.62,80,0,1,1,3,0.6540345502366789,2.6,0,proxy:v1-sales-heuristic-2026-09
beauty & personal care,4.95,3,1,0,0,6,0.8852867037796142,4.0,1,proxy:v1-sales-heuristic-2026-09
food & beverage,4.06,27,1,1,0,5,0.8358672473081786,6.6,1,proxy:v1-sales-heuristic-2026-09
local service business,5.0,140,1,1,0,4,0.8712296468398424,4.8,1,proxy:v1-sales-heuristic-2026-09
local service business,3.87,10,0,0,0,4,0.685390123634469,1.4,0,proxy:v1-sales-heuristic-2026-09
home services,4.31,24,0,1,0,4,0.6017878243718751,3.6,1,proxy:v1-sales-heuristic-2026-09
automotive,5.0,5,0,1,0,1,0.5719963407451599,2.2,0,proxy:v1-sales-heuristic-2026-09
automotive,3.57,146,0,1,0,2,0.7508844277983022,3.6,1,proxy:v1-sales-heuristic-2026-09
beauty & personal care,3.11,22,1,1,1,5,0.9709331708955957,5.8,1,proxy:v1-sales-heuristic-2026-09
automotive,4.86,25,1,1,0,3,0.8260021438254802,5.8,1,proxy:v1-sales-heuristic-2026-09
fitness,3.7,108,0,1,0,5,0.6757295047461883,3.6,1,proxy:v1-sales-heuristic-2026-09
automotive,4.14,50,1,1,1,4,0.6040537959657053,6.6,1,proxy:v1-sales-heuristic-2026-09
home services,3.83,9,1,1,1,1,0.6459676194837656,6.6,1,proxy:v1-sales-heuristic-2026-09
pets,4.3,12,0,1,0,4,0.780006099003692,3.6,1,proxy:v1-sales-heuristic-2026-09
health care,3.63,42,0,1,0,4,0.7830989019797812,3.6,1,proxy:v1-sales-heuristic-2026-09
beauty & personal care,4.05,12,0,1,0,3,0.848468279372414,3.6,0,proxy:v1-sales-heuristic-2026-09
local service business,4.4,2,0,1,1,5,0.49824524349338134,2.0,0,proxy:v1-sales-heuristic-2026-09
pets,3.6,23,1,1,0,3,0.7549697269950141,6.6,1,proxy:v1-sales-heuristic-2026-09
legal services,3.76,4,0,1,1,1,0.37997475966087374,3.0,0,proxy:v1-sales-heuristic-2026-09
automotive,3.96,145,0,1,1,1,0.6203828947577135,3.6,1,proxy:v1-sales-heuristic-2026-09
automotive,3.36,29,0,1,0,6,0.6819358522805888,3.6,1,proxy:v1-sales-heuristic-2026-09
local service business,3.92,9,1,1,0,3,0.6222293330775689,5.6,1,proxy:v1-sales-heuristic-2026-09
food & beverage,4.22,11,0,1,0,3,0.9112291906979696,3.6,1,proxy:v1-sales-heuristic-2026-09
food & beverage,3.93,3,0,1,1,2,0.6558046332045885,3.0,0,proxy:v1-sales-heuristic-2026-09
home services,4.0,7,0,0,1,5,0.8587992661424768,1.8,0,proxy:v1-sales-heuristic-2026-09
fitness,4.14,75,0,0,0,4,0.467803252325195,2.4,0,proxy:v1-sales-heuristic-2026-09
local service business,3.79,285,0,1,1,6,0.7904380224330781,1.2,0,proxy:v1-sales-heuristic-2026-09
beauty & personal care,4.53,54,0,0,1,6,0.7698481903850176,2.4,0,proxy:v1-sales-heuristic-2026-09
local service business,4.94,22,0,1,1,6,0.5403699089935986,1.7999999999999998,0,proxy:v1-sales-heuristic-2026-09
automotive,3.89,15,0,1,1,2,0.9492570961306923,3.6,1,proxy:v1-sales-heuristic-2026-09
health care,4.42,8,0,0,0,4,0.7352161099513564,2.4,0,proxy:v1-sales-heuristic-2026-09
fitness,4.02,236,0,1,1,3,0.7327772614234908,3.6,1,proxy:v1-sales-heuristic-2026-09
automotive,4.35,2575,0,1,0,5,0.7723543316049074,1.5,0,proxy:v1-sales-heuristic-2026-09
automotive,5.0,251,1,1,0,5,0.7993898355502189,5.2,1,proxy:v1-sales-heuristic-2026-09
food & beverage,4.43,113,0,1,0,2,0.5308715168882799,3.6,1,proxy:v1-sales-heuristic-2026-09
local service business,3.17,3,0,1,0,6,0.5729695519392002,1.2,0,proxy:v1-sales-heuristic-2026-09
health care,4.4,11,1,1,0,2,0.8579887085757936,6.6,0,proxy:v1-sales-heuristic-2026-09
local service business,4.83,2604,0,1,0,6,0.7277665025637607,-1.1,0,proxy:v1-sales-heuristic-2026-09
local service business,4.03,22,1,1,1,6,0.9981815501743478,5.6,1,proxy:v1-sales-heuristic-2026-09
home services,4.7,22,1,1,0,1,0.6294261071432588,6.6,1,proxy:v1-sales-heuristic-2026-09
local service business,3.77,662,0,1,1,3,0.9315609663703722,1.2,0,proxy:v1-sales-heuristic-2026-09
automotive,3.33,1650,0,1,0,3,0.6896085521792711,1.5,0,proxy:v1-sales-heuristic-2026-09
automotive,4.23,3369,0,1,0,5,0.5032220717440947,1.5,0,proxy:v1-sales-heuristic-2026-09
local service business,3.18,48,0,1,1,5,0.7833532657130476,1.7999999999999998,0,proxy:v1-sales-heuristic-2026-09
local service business,4.02,24,1,1,1,1,0.9414545842740702,5.6,1,proxy:v1-sales-heuristic-2026-09
beauty & personal care,4.86,27,0,1,1,6,0.718417681364471,2.8000000000000003,0,proxy:v1-sales-heuristic-2026-09
home services,3.1,7,0,1,1,2,0.8665607193566978,2.2,0,proxy:v1-sales-heuristic-2026-09
health care,3.45,27,0,1,0,3,0.9576338297232612,3.6,1,proxy:v1-sales-heuristic-2026-09
local service business,3.58,43,1,1,1,2,0.5247962536704511,5.6,1,proxy:v1-sales-heuristic-2026-09
health care,4.12,35,0,1,0,1,0.6624337006312497,3.6,1,proxy:v1-sales-heuristic-2026-09
food & beverage,3.95,45,0,1,0,4,0.8426973085178534,3.6,1,proxy:v1-sales-heuristic-2026-09
food & beverage,4.92,116,0,1,1,1,0.8475899216617837,2.8000000000000003,0,proxy:v1-sales-heuristic-2026-09
home services,4.67,734,0,1,1,1,0.6400674187280865,3.0,0,proxy:v1-sales-heuristic-2026-09
fitness,4.42,26,1,0,0,5,0.9052958838343526,5.3999999999999995,1,proxy:v1-sales-heuristic-2026-09
local service business,4.23,6,0,1,0,3,0.8251401283691061,2.0,0,proxy:v1-sales-heuristic-2026-09
home services,4.37,3201,0,1,0,4,0.8460842236434146,1.5,0,proxy:v1-sales-heuristic-2026-09
beauty & personal care,3.68,19,0,1,1,6,0.643185253447,3.6,1,proxy:v1-sales-heuristic-2026-09
beauty & personal care,4.62,32,0,1,0,1,0.6213168008925775,3.6,1,proxy:v1-sales-heuristic-2026-09
legal services,3.54,14,1,1,0,5,0.515613101574277,6.6,1,proxy:v1-sales-heuristic-2026-09
local service business,4.61,8,0,1,1,1,0.9140980719992938,2.6,0,proxy:v1-sales-heuristic-2026-09
automotive,4.8,6,1,1,0,5,0.9051016602096662,5.2,1,proxy:v1-sales-heuristic-2026-09
automotive,4.27,3,0,1,0,2,0.7745203464223768,3.0,0,proxy:v1-sales-heuristic-2026-09
health care,4.05,18,0,1,0,1,0.8174244046295486,3.6,1,proxy:v1-sales-heuristic-2026-09
automotive,4.37,4,0,0,1,2,0.536983862043005,1.8,0,proxy:v1-sales-heuristic-2026-09
local service business,2.58,8,0,0,0,3,0.8495504108119285,0.6,0,proxy:v1-sales-heuristic-2026-09
food & beverage,4.32,15,0,1,1,5,0.8799203728420767,3.6,1,proxy:v1-sales-heuristic-2026-09
automotive,4.09,5,1,1,0,5,0.6438134613683851,6.0,1,proxy:v1-sales-heuristic-2026-09
local service business,4.12,37,0,1,1,5,0.6562179813752257,2.6,0,proxy:v1-sales-heuristic-2026-09
automotive,4.54,55,0,1,0,1,0.3943649910250202,3.6,1,proxy:v1-sales-heuristic-2026-09
beauty & personal care,4.11,13,1,0,0,6,0.7174380216227257,5.3999999999999995,1,proxy:v1-sales-heuristic-2026-09
automotive,3.52,15,0,1,0,3,0.662510591727982,3.6,1,proxy:v1-sales-heuristic-2026-09
automotive,4.07,44,0,1,0,1,0.9657365928145479,3.6,1,proxy:v1-sales-heuristic-2026-09
automotive,4.19,11,1,1,1,6,0.5581463804499296,6.6,1,proxy:v1-sales-heuristic-2026-09
automotive,4.21,10,0,1,1,5,0.7831797726218678,3.6,1,proxy:v1-sales-heuristic-2026-09
automotive,4.24,91,1,1,0,1,0.9230223346490476,6.6,1,proxy:v1-sales-heuristic-2026-09
automotive,4.72,64,0,1,1,3,0.6902198464614744,2.8000000000000003,1,proxy:v1-sales-heuristic-2026-09
health care,3.55,47,0,1,1,6,0.5630221471540383,3.6,1,proxy:v1-sales-heuristic-2026-09
pets,4.25,67,1,1,0,5,0.9075816822776651,6.6,1,proxy:v1-sales-heuristic-2026-09
food & beverage,4.86,2,1,1,0,2,0.8996420123011827,5.2,1,proxy:v1-sales-heuristic-2026-09
food & beverage,3.2,108,0,1,1,5,0.6046862243396471,3.6,1,proxy:v1-sales-heuristic-2026-09
home services,4.25,37,0,1,0,2,0.5000748881685476,3.6,1,proxy:v1-sales-heuristic-2026-09
local service business,3.83,74,0,1,0,3,0.6049545914880241,2.6,0,proxy:v1-sales-heuristic-2026-09
local service business,3.95,37,0,1,0,2,0.7342615677115689,2.6,0,proxy:v1-sales-heuristic-2026-09
automotive,3.65,25,0,0,1,5,0.8678393750564347,2.4,0,proxy:v1-sales-heuristic-2026-09
beauty & personal care,4.06,18,0,1,0,6,0.6049707993075002,3.6,1,proxy:v1-sales-heuristic-2026-09
beauty & personal care,5.0,36,0,1,0,1,0.9905575111849605,2.8000000000000003,0,proxy:v1-sales-heuristic-2026-09
beauty & personal care,3.45,17,0,1,1,4,0.8116474725427965,3.6,1,proxy:v1-sales-heuristic-2026-09
health care,3.51,63,0,1,0,2,0.6517228261720237,3.6,1,proxy:v1-sales-heuristic-2026-09
food & beverage,3.43,622,0,1,0,5,0.7053933513474583,3.0,0,proxy:v1-sales-heuristic-2026-09
automotive,5.0,13,0,1,0,1,0.7583666151854914,2.8000000000000003,1,proxy:v1-sales-heuristic-2026-09
food & beverage,3.9,232,0,1,1,3,0.7188262515190791,3.6,1,proxy:v1-sales-heuristic-2026-09
home services,4.14,12,0,1,0,2,0.3473359659259214,3.6,1,proxy:v1-sales-heuristic-2026-09
automotive,3.93,18,1,1,1,6,0.682598106239476,6.6,1,proxy:v1-sales-heuristic-2026-09
local service business,3.63,9,1,1,1,1,0.6092753737813977,5.6,1,proxy:v1-sales-heuristic-2026-09
automotive,4.02,35,0,1,1,4,0.8376659096631869,3.6,1,proxy:v1-sales-heuristic-2026-09
local service business,5.0,10,0,1,0,1,0.6636113534499518,1.7999999999999998,0,proxy:v1-sales-heuristic-2026-09
automotive,4.92,20,0,1,1,4,0.6539074082737575,2.8000000000000003,0,proxy:v1-sales-heuristic-2026-09
local service business,3.68,62,0,1,0,5,0.6232042655849132,2.6,0,proxy:v1-sales-heuristic-2026-09
local service business,4.51,11,1,1,0,5,0.5635573088656136,5.6,1,proxy:v1-sales-heuristic-2026-09
local service business,3.69,1708,1,1,1,1,0.8965566558278456,3.5,1,proxy:v1-sales-heuristic-2026-09
local service business,3.17,60,0,1,0,5,0.6220070865684487,1.7999999999999998,1,proxy:v1-sales-heuristic-2026-09
local service business,4.71,78,0,1,0,2,0.6104220868958502,1.7999999999999998,0,proxy:v1-sales-heuristic-2026-09
fitness,4.79,28,0,1,1,5,0.9103063580377043,2.8000000000000003,0,proxy:v1-sales-heuristic-2026-09
local service business,4.73,867,1,1,0,6,0.7931890835166134,2.7,0,proxy:v1-sales-heuristic-2026-09
automotive,3.89,78,0,1,0,1,0.8143689010273214,3.6,1,proxy:v1-sales-heuristic-2026-09
home services,4.06,35,0,1,0,3,0.8606749297906087,3.6,1,proxy:v1-sales-heuristic-2026-09
home services,4.56,9,1,1,0,6,0.35344561382384426,6.6,1,proxy:v1-sales-heuristic-2026-09
local service business,4.37,22,1,1,0,1,0.958585133903708,5.6,1,proxy:v1-sales-heuristic-2026-09
home services,3.93,117,0,1,0,2,0.9410480416457395,3.6,1,proxy:v1-sales-heuristic-2026-09
food & beverage,3.26,160,0,0,1,4,0.9103725481395225,2.4,0,proxy:v1-sales-heuristic-2026-09
fitness,4.21,124,0,1,1,6,0.7583733256816395,3.6,1,proxy:v1-sales-heuristic-2026-09
beauty & personal care,4.74,58,1,1,0,2,0.7005818865330887,5.8,1,proxy:v1-sales-heuristic-2026-09
automotive,3.49,6,0,1,0,3,0.9018685101760695,3.0,0,proxy:v1-sales-heuristic-2026-09
home services,4.5,41,1,1,1,5,0.8298483957888114,6.6,1,proxy:v1-sales-heuristic-2026-09
food & beverage,4.33,6,0,1,1,1,0.7261605131664619,3.0,0,proxy:v1-sales-heuristic-2026-09
beauty & personal care,4.56,4,0,0,0,2,0.8993508890177033,1.8,0,proxy:v1-sales-heuristic-2026-09
food & beverage,4.63,31,0,1,0,2,0.7222824739048015,3.6,1,proxy:v1-sales-heuristic-2026-09
food & beverage,3.77,43,0,1,1,3,0.7407551714879116,3.6,0,proxy:v1-sales-heuristic-2026-09
food & beverage,3.26,66,0,1,1,4,0.9713747167004787,3.6,1,proxy:v1-sales-heuristic-2026-09
food & beverage,3.86,42,1,0,1,2,0.8347272286088688,5.3999999999999995,1,proxy:v1-sales-heuristic-2026-09
pets,4.64,44,0,0,1,3,0.6109028728979252,2.4,0,proxy:v1-sales-heuristic-2026-09
beauty & personal care,3.85,8,0,1,0,6,0.5736654905458801,3.6,0,proxy:v1-sales-heuristic-2026-09
local service business,3.77,21,1,1,1,5,0.9170682799547855,5.6,1,proxy:v1-sales-heuristic-2026-09
local service business,3.15,4,0,1,0,6,0.6105457146187918,1.2,0,proxy:v1-sales-heuristic-2026-09
home services,5.0,2993,0,1,1,5,0.9280379406874076,-0.2999999999999998,1,proxy:v1-sales-heuristic-2026-09
food & beverage,4.6,55,1,1,1,4,0.7216843451875949,6.6,1,proxy:v1-sales-heuristic-2026-09
home services,4.57,10,0,1,0,2,0.4257436411494857,3.6,1,proxy:v1-sales-heuristic-2026-09
local service business,4.68,64,0,0,0,1,0.8392158133024582,1.4,0,proxy:v1-sales-heuristic-2026-09
fitness,4.47,83,0,1,1,4,0.7972650859630265,3.6,1,proxy:v1-sales-heuristic-2026-09
local service business,4.02,12,0,1,1,3,0.7533086688761552,2.6,0,proxy:v1-sales-heuristic-2026-09
home services,4.06,46,0,1,0,5,0.9098564310476372,3.6,1,proxy:v1-sales-heuristic-2026-09
fitness,3.91,11,0,1,0,1,0.3703837517959647,3.6,1,proxy:v1-sales-heuristic-2026-09
beauty & personal care,5.0,3,1,1,0,6,0.8612528307121626,5.2,1,proxy:v1-sales-heuristic-2026-09
legal services,4.46,28,1,1,0,2,0.8788217433644314,6.6,1,proxy:v1-sales-heuristic-2026-09
beauty & personal care,3.89,14,1,1,0,3,0.8116720639607746,6.6,1,proxy:v1-sales-heuristic-2026-09
pets,4.41,15,0,1,0,3,0.7920040692175409,3.6,1,proxy:v1-sales-heuristic-2026-09
local service business,3.59,215,0,1,0,6,0.7058392048715414,1.8,0,proxy:v1-sales-heuristic-2026-09
automotive,4.98,4,0,1,0,5,0.5744045284464885,2.2,0,proxy:v1-sales-heuristic-2026-09
health care,3.79,37,0,1,0,1,0.5605383329432468,3.6,1,proxy:v1-sales-heuristic-2026-09
automotive,4.43,8,0,1,0,6,0.938751102657463,3.6,0,proxy:v1-sales-heuristic-2026-09
pets,4.74,2584,0,1,0,5,0.7059705686667593,0.7000000000000002,0,proxy:v1-sales-heuristic-2026-09
automotive,4.36,34,0,1,1,1,0.6070686458132335,3.6,1,proxy:v1-sales-heuristic-2026-09
local service business,4.2,37,1,0,0,5,0.4267566759792358,4.3999999999999995,1,proxy:v1-sales-heuristic-2026-09
automotive,4.16,8,0,1,1,1,0.628839710183185,3.6,1,proxy:v1-sales-heuristic-2026-09
local service business,4.12,1532,1,1,0,3,0.6199281392788407,3.5,1,proxy:v1-sales-heuristic-2026-09
local service business,3.83,68,0,0,1,1,0.6816122881315669,1.4,0,proxy:v1-sales-heuristic-2026-09
health care,3.9,172,0,1,1,1,0.9061289742381166,3.6,1,proxy:v1-sales-heuristic-2026-09
local service business,4.96,41,0,1,1,4,0.4804981682729499,1.7999999999999998,0,proxy:v1-sales-heuristic-2026-09
local service business,4.09,9,1,0,1,5,0.9833614078345494,4.3999999999999995,1,proxy:v1-sales-heuristic-2026-09
local service business,3.72,35,0,1,1,3,0.7728462009358156,2.6,0,proxy:v1-sales-heuristic-2026-09
beauty & personal care,3.87,354,0,1,1,3,0.8972076061919326,3.0,0,proxy:v1-sales-heuristic-2026-09
health care,4.76,27,0,1,0,4,0.7947947557447785,2.8000000000000003,0,proxy:v1-sales-heuristic-2026-09
automotive,4.52,122,0,1,0,1,0.9263218463167809,3.6,1,proxy:v1-sales-heuristic-2026-09
health care,4.46,10,0,1,0,1,0.8867880976833258,3.6,0,proxy:v1-sales-heuristic-2026-09
automotive,4.01,23,1,0,0,1,0.676036048366349,5.3999999999999995,1,proxy:v1-sales-heuristic-2026-09
health care,4.47,48,0,1,1,1,0.7569042535106142,3.6,1,proxy:v1-sales-heuristic-2026-09
health care,3.8,37,0,1,0,5,0.9738106099373408,3.6,1,proxy:v1-sales-heuristic-2026-09
home services,4.01,10,1,1,0,4,0.8090640673041314,6.6,1,proxy:v1-sales-heuristic-2026-09
home services,4.68,10,0,1,0,2,0.8066650211124581,3.6,1,proxy:v1-sales-heuristic-2026-09
legal services,4.63,72,0,1,0,4,0.7785237687208618,3.6,1,proxy:v1-sales-heuristic-2026-09
local service business,3.61,90,0,1,0,3,0.5439222040768729,2.6,1,proxy:v1-sales-heuristic-2026-09
home services,3.68,129,0,1,0,1,0.7331045433350069,3.6,1,proxy:v1-sales-heuristic-2026-09
health care,4.21,178,0,1,0,6,0.9787996660343482,3.6,1,proxy:v1-sales-heuristic-2026-09
local service business,5.0,28,0,1,0,6,0.7337567647380677,1.7999999999999998,0,proxy:v1-sales-heuristic-2026-09
automotive,3.1,17,0,0,1,5,0.8587618189126915,1.6,0,proxy:v1-sales-heuristic-2026-09
automotive,4.3,3168,0,1,0,5,0.9814219769162914,1.5,0,proxy:v1-sales-heuristic-2026-09
automotive,3.39,53,0,1,0,4,0.6062623640683134,3.6,1,proxy:v1-sales-heuristic-2026-09
fitness,3.8,8,0,1,1,5,0.8976520400226556,3.6,1,proxy:v1-sales-heuristic-2026-09
food & beverage,3.95,7,0,1,0,4,0.8172111744929856,3.0,0,proxy:v1-sales-heuristic-2026-09
local service business,3.92,42,0,0,0,1,0.7503580737272035,1.4,0,proxy:v1-sales-heuristic-2026-09
fitness,3.86,20,1,1,0,2,0.6899910574492711,6.6,1,proxy:v1-sales-heuristic-2026-09
food & beverage,4.15,23,0,1,1,6,0.6806647652096885,3.6,1,proxy:v1-sales-heuristic-2026-09
local service business,3.86,79,0,1,0,3,0.6125423198502703,2.6,0,proxy:v1-sales-heuristic-2026-09
legal services,3.35,56,0,1,0,5,0.6090898380383941,3.6,1,proxy:v1-sales-heuristic-2026-09
beauty & personal care,4.58,999,1,1,1,1,0.5593153329050486,4.5,1,proxy:v1-sales-heuristic-2026-09
food & beverage,4.56,2,0,1,0,3,0.7278230996237937,3.0,0,proxy:v1-sales-heuristic-2026-09
food & beverage,4.61,32,0,0,0,1,0.4828605857032009,2.4,0,proxy:v1-sales-heuristic-2026-09
automotive,3.3,52,1,1,1,2,0.8019174439046737,6.6,1,proxy:v1-sales-heuristic-2026-09
automotive,4.31,4,0,1,0,1,0.8818889744146028,3.0,0,proxy:v1-sales-heuristic-2026-09
local service business,4.52,11,1,1,1,2,0.78467985845517,5.6,1,proxy:v1-sales-heuristic-2026-09
home services,3.58,9,0,1,0,4,0.6803933053406692,3.6,1,proxy:v1-sales-heuristic-2026-09
food & beverage,4.16,25,1,1,0,1,0.9916426667973507,6.6,1,proxy:v1-sales-heuristic-2026-09
pets,4.09,147,0,1,1,2,0.9271542282340594,3.6,1,proxy:v1-sales-heuristic-2026-09
health care,5.0,226,0,1,0,5,0.6378665074739045,2.8000000000000003,0,proxy:v1-sales-heuristic-2026-09
local service business,5.0,10,0,1,0,1,0.7494104589843176,1.7999999999999998,0,proxy:v1-sales-heuristic-2026-09
local service business,3.23,2545,0,1,0,4,0.5386567462578012,-0.30000000000000004,0,proxy:v1-sales-heuristic-2026-09
home services,5.0,45,0,1,0,6,0.9361931561983314,2.8000000000000003,0,proxy:v1-sales-heuristic-2026-09
food & beverage,3.65,37,0,1,0,5,0.9706119269152607,3.6,1,proxy:v1-sales-heuristic-2026-09
local service business,4.69,38,0,1,0,1,0.8888412458094638,2.6,0,proxy:v1-sales-heuristic-2026-09
pets,4.68,34,1,1,1,1,0.7789197166551429,6.6,1,proxy:v1-sales-heuristic-2026-09
local service business,3.6,157,0,1,0,5,0.4804964165748345,2.6,0,proxy:v1-sales-heuristic-2026-09
automotive,4.42,82,0,1,0,3,0.9476479752617977,3.6,1,proxy:v1-sales-heuristic-2026-09
local service business,4.09,7,0,1,0,3,0.847608807810647,2.0,0,proxy:v1-sales-heuristic-2026-09
fitness,4.45,58,0,1,0,3,0.7644470455254327,3.6,1,proxy:v1-sales-heuristic-2026-09
automotive,4.28,65,0,1,0,4,0.4432527958178154,3.6,0,proxy:v1-sales-heuristic-2026-09
health care,4.81,34,0,1,0,3,0.5005488630417705,2.8000000000000003,1,proxy:v1-sales-heuristic-2026-09
pets,4.19,85,1,1,0,1,0.9430567566854554,6.6,1,proxy:v1-sales-heuristic-2026-09
automotive,4.06,30,0,1,1,1,0.8358931740964399,3.6,1,proxy:v1-sales-heuristic-2026-09
home services,4.75,30,0,1,0,1,0.7153598757755613,2.8000000000000003,0,proxy:v1-sales-heuristic-2026-09
local service business,4.47,28,0,1,0,2,0.7346735492888641,2.6,0,proxy:v1-sales-heuristic-2026-09
beauty & personal care,4.55,2,1,1,0,5,0.809988263365019,6.0,1,proxy:v1-sales-heuristic-2026-09
home services,3.78,22,1,0,0,6,0.6811735090613233,5.3999999999999995,0,proxy:v1-sales-heuristic-2026-09
home services,3.58,11,1,1,0,3,0.5621149126486886,6.6,1,proxy:v1-sales-heuristic-2026-09
food & beverage,3.84,6,0,1,0,1,0.7593320207501584,3.0,0,proxy:v1-sales-heuristic-2026-09
local service business,3.81,118,1,1,1,1,0.8495231103615346,5.6,1,proxy:v1-sales-heuristic-2026-09
local service business,4.58,2103,0,1,0,5,0.45008215290695275,-0.30000000000000004,0,proxy:v1-sales-heuristic-2026-09
automotive,4.69,23,0,1,0,3,0.460125925980643,3.6,1,proxy:v1-sales-heuristic-2026-09
local service business,4.06,13,0,1,1,6,0.9302404551365833,2.6,0,proxy:v1-sales-heuristic-2026-09
local service business,4.94,33,0,1,0,4,0.7769564560619102,1.7999999999999998,0,proxy:v1-sales-heuristic-2026-09
beauty & personal care,4.9,73,0,1,0,6,0.7293740394366461,2.8000000000000003,0,proxy:v1-sales-heuristic-2026-09
local service business,4.28,9,0,0,1,1,0.875133757744287,1.4,0,proxy:v1-sales-heuristic-2026-09
automotive,3.7,24,0,0,0,6,0.8699825084617127,2.4,0,proxy:v1-sales-heuristic-2026-09
local service business,5.0,63,0,1,0,4,0.6355860347827479,1.7999999999999998,0,proxy:v1-sales-heuristic-2026-09
fitness,4.12,2,0,1,1,3,0.616923699808001,3.0,0,proxy:v1-sales-heuristic-2026-09
fitness,4.22,23,0,1,1,4,0.8687683974688574,3.6,1,proxy:v1-sales-heuristic-2026-09
automotive,3.96,15,0,0,0,2,0.8850080591463401,2.4,0,proxy:v1-sales-heuristic-2026-09
local service business,3.66,21,0,1,0,4,0.8103238626987529,2.6,0,proxy:v1-sales-heuristic-2026-09
automotive,3.34,14,0,1,0,5,0.6206881121294039,3.6,1,proxy:v1-sales-heuristic-2026-09
beauty & personal care,4.5,28,1,0,1,5,0.45422195995755693,5.3999999999999995,1,proxy:v1-sales-heuristic-2026-09
automotive,3.72,203,0,1,1,6,0.8865587137585039,3.6,1,proxy:v1-sales-heuristic-2026-09
local service business,5.0,17,0,1,0,3,0.7635266138591789,1.7999999999999998,0,proxy:v1-sales-heuristic-2026-09
beauty & personal care,3.55,33,1,0,0,5,0.8461989111596502,5.3999999999999995,1,proxy:v1-sales-heuristic-2026-09
local service business,3.46,220,0,1,0,6,0.43724833414181613,1.8,0,proxy:v1-sales-heuristic-2026-09
fitness,4.43,13,0,1,1,1,0.7538039233562438,3.6,1,proxy:v1-sales-heuristic-2026-09
automotive,4.99,180,0,0,0,3,0.6467833885099082,1.6,0,proxy:v1-sales-heuristic-2026-09
automotive,4.19,24,0,1,0,5,0.9626547846021465,3.6,1,proxy:v1-sales-heuristic-2026-09
automotive,4.46,174,1,1,0,3,0.6859346508246699,6.6,1,proxy:v1-sales-heuristic-2026-09
health care,3.14,55,0,1,1,1,0.8131182615579818,2.8000000000000003,0,proxy:v1-sales-heuristic-2026-09
local service business,3.78,34,0,1,0,4,0.928038148090513,2.6,0,proxy:v1-sales-heuristic-2026-09
beauty & personal care,3.56,22,0,1,0,3,0.45247830335499745,3.6,1,proxy:v1-sales-heuristic-2026-09
local service business,3.11,12,0,1,0,4,0.5823525938119639,1.7999999999999998,0,proxy:v1-sales-heuristic-2026-09
automotive,4.21,26,0,1,1,1,0.9662319649513207,3.6,1,proxy:v1-sales-heuristic-2026-09
local service business,2.92,65,0,1,1,1,0.7425034380521082,1.7999999999999998,0,proxy:v1-sales-heuristic-2026-09
local service business,3.42,24,0,1,0,4,0.9134038479876343,2.6,0,proxy:v1-sales-heuristic-2026-09
local service business,3.85,17,0,1,1,6,0.7612682206746773,2.6,1,proxy:v1-sales-heuristic-2026-09
pets,3.69,18,0,1,0,4,0.6354863413760872,3.6,1,proxy:v1-sales-heuristic-2026-09
local service business,4.37,73,0,1,0,6,0.6717518012357472,2.6,0,proxy:v1-sales-heuristic-2026-09
automotive,4.32,94,0,1,1,6,0.7363656431696348,3.6,1,proxy:v1-sales-heuristic-2026-09
beauty & personal care,4.64,11,0,1,0,2,0.6988256859024209,3.6,1,proxy:v1-sales-heuristic-2026-09
automotive,4.56,11,0,1,0,1,0.8718786079806427,3.6,1,proxy:v1-sales-heuristic-2026-09
home services,4.78,37,0,0,1,4,0.48633495502757934,1.6,0,proxy:v1-sales-heuristic-2026-09
legal services,4.15,131,0,1,0,4,0.4522033948384266,3.6,1,proxy:v1-sales-heuristic-2026-09
fitness,4.32,86,0,0,0,5,0.6394138355016559,2.4,0,proxy:v1-sales-heuristic-2026-09
local service business,4.43,6,0,1,0,4,0.7336660990676013,2.0,1,proxy:v1-sales-heuristic-2026-09
automotive,4.23,18,1,1,1,6,0.995672105001625,6.6,1,proxy:v1-sales-heuristic-2026-09
legal services,3.93,8,0,1,0,6,0.9126532940953204,3.6,1,proxy:v1-sales-heuristic-2026-09
beauty & personal care,3.97,18,0,1,0,4,0.7253881990287783,3.6,1,proxy:v1-sales-heuristic-2026-09
beauty & personal care,3.7,1200,0,0,1,4,0.6898487995551282,0.30000000000000004,0,proxy:v1-sales-heuristic-2026-09
pets,4.38,5,0,1,0,1,0.27922493722142294,3.0,0,proxy:v1-sales-heuristic-2026-09
local service business,4.1,4,0,1,0,5,0.6341112775153833,2.0,0,proxy:v1-sales-heuristic-2026-09
health care,3.79,9,0,1,0,5,0.7893321067848267,3.6,1,proxy:v1-sales-heuristic-2026-09
automotive,3.79,33,1,1,0,6,0.9683716557346036,6.6,1,proxy:v1-sales-heuristic-2026-09
health care,3.48,48,0,1,0,1,0.7958893731170518,3.6,0,proxy:v1-sales-heuristic-2026-09
automotive,4.69,39,0,0,0,1,0.799971004986644,2.4,0,proxy:v1-sales-heuristic-2026-09
local service business,4.19,89,0,1,0,5,0.8848231292688528,2.6,0,proxy:v1-sales-heuristic-2026-09
pets,3.68,3,0,1,0,3,0.752113766126759,3.0,0,proxy:v1-sales-heuristic-2026-09
automotive,4.59,90,0,1,0,4,0.8913773684095148,3.6,1,proxy:v1-sales-heuristic-2026-09
automotive,3.84,17,0,1,0,3,0.5560387655061104,3.6,1,proxy:v1-sales-heuristic-2026-09
beauty & personal care,3.38,54,1,1,0,4,0.8816298984082398,6.6,1,proxy:v1-sales-heuristic-2026-09
local service business,4.71,5,1,1,0,4,0.8977318605891407,4.2,0,proxy:v1-sales-heuristic-2026-09
home services,3.85,24,1,1,0,2,0.757689240188337,6.6,1,proxy:v1-sales-heuristic-2026-09
local service business,3.93,31,1,1,1,5,0.7508237403365746,5.6,1,proxy:v1-sales-heuristic-2026-09
fitness,4.17,87,0,1,0,3,0.8179405270050697,3.6,1,proxy:v1-sales-heuristic-2026-09
health care,4.78,4,0,1,1,4,0.5648803844651422,2.2,0,proxy:v1-sales-heuristic-2026-09
automotive,4.16,25,1,1,0,4,0.9852907802014027,6.6,1,proxy:v1-sales-heuristic-2026-09
local service business,3.49,3270,0,1,0,5,0.7964151994339309,-0.30000000000000004,0,proxy:v1-sales-heuristic-2026-09
food & beverage,4.45,42,0,1,0,2,0.9347972706217117,3.6,1,proxy:v1-sales-heuristic-2026-09
health care,3.88,57,0,1,1,1,0.8261567292439628,3.6,1,proxy:v1-sales-heuristic-2026-09
pets,5.0,101,0,1,0,2,0.29948296405597136,2.8000000000000003,0,proxy:v1-sales-heuristic-2026-09
fitness,4.15,13,1,1,1,6,0.6647532075136583,6.6,1,proxy:v1-sales-heuristic-2026-09
local service business,2.92,68,0,1,0,2,0.6407990615998174,1.7999999999999998,0,proxy:v1-sales-heuristic-2026-09
automotive,4.35,109,0,0,0,2,0.7953629487851481,2.4,0,proxy:v1-sales-heuristic-2026-09
home services,5.0,4,0,0,0,6,0.779175584962844,1.0,0,proxy:v1-sales-heuristic-2026-09
food & beverage,5.0,48,0,1,1,2,0.9705899165041569,2.8000000000000003,1,proxy:v1-sales-heuristic-2026-09
home services,5.0,70,0,1,0,3,0.7958688233509873,2.8000000000000003,0,proxy:v1-sales-heuristic-2026-09
automotive,3.59,18,0,1,0,3,0.5539403443708188,3.6,1,proxy:v1-sales-heuristic-2026-09
automotive,4.65,2819,0,1,0,4,0.5572902934814605,1.5,0,proxy:v1-sales-heuristic-2026-09
beauty & personal care,3.75,69,0,1,0,4,0.8957847293224062,3.6,1,proxy:v1-sales-heuristic-2026-09
food & beverage,4.27,6,0,1,0,4,0.47796404872148107,3.0,0,proxy:v1-sales-heuristic-2026-09
home services,3.45,20,0,1,1,4,0.9518437376523251,3.6,1,proxy:v1-sales-heuristic-2026-09
health care,3.8,23,0,1,1,6,0.9418641850151487,3.6,1,proxy:v1-sales-heuristic-2026-09
fitness,3.78,53,0,1,0,4,0.6779646697240174,3.6,1,proxy:v1-sales-heuristic-2026-09
food & beverage,4.64,12,0,1,0,4,0.8518984442416301,3.6,1,proxy:v1-sales-heuristic-2026-09
food & beverage,4.59,11,1,1,1,6,0.8398870206780279,6.6,1,proxy:v1-sales-heuristic-2026-09
beauty & personal care,4.3,27,0,1,0,1,0.4040825018790212,3.6,1,proxy:v1-sales-heuristic-2026-09
health care,3.41,74,0,1,0,6,0.8068847248416419,3.6,1,proxy:v1-sales-heuristic-2026-09
food & beverage,3.98,303,1,1,1,2,0.8745948824250314,6.0,1,proxy:v1-sales-heuristic-2026-09
automotive,3.74,4,0,0,0,2,0.8230133397700923,1.8,0,proxy:v1-sales-heuristic-2026-09
food & beverage,4.63,34,0,1,0,1,0.8502723150540358,3.6,1,proxy:v1-sales-heuristic-2026-09
home services,4.8,7,0,0,0,4,0.4196623760691548,1.0,0,proxy:v1-sales-heuristic-2026-09
beauty & personal care,4.73,75,0,0,1,5,0.38920713960733644,1.6,0,proxy:v1-sales-heuristic-2026-09
health care,3.73,8,0,1,0,3,0.8474565414176388,3.6,1,proxy:v1-sales-heuristic-2026-09
health care,2.64,11,0,1,0,4,0.8091628692210037,2.8000000000000003,0,proxy:v1-sales-heuristic-2026-09
pets,3.18,12,1,1,0,3,0.5181909492372638,5.8,1,proxy:v1-sales-heuristic-2026-09
fitness,4.93,22,0,1,0,5,0.8576910469482409,2.8000000000000003,0,proxy:v1-sales-heuristic-2026-09
fitness,3.93,35,1,1,0,6,0.6515623123868681,6.6,1,proxy:v1-sales-heuristic-2026-09
food & beverage,3.74,41,0,1,1,5,0.8221096316357206,3.6,1,proxy:v1-sales-heuristic-2026-09
local service business,5.0,24,0,1,0,3,0.8980398854466729,1.7999999999999998,0,proxy:v1-sales-heuristic-2026-09
health care,4.85,5,0,1,0,5,0.9322214247193057,2.2,0,proxy:v1-sales-heuristic-2026-09
home services,4.16,54,0,1,1,1,0.7675277477788399,3.6,1,proxy:v1-sales-heuristic-2026-09
fitness,3.99,23,0,1,1,6,0.6368251511882047,3.6,1,proxy:v1-sales-heuristic-2026-09
food & beverage,4.08,88,0,1,0,6,0.9182863795178051,3.6,1,proxy:v1-sales-heuristic-2026-09
home services,4.27,11,0,1,0,4,0.6693340634176067,3.6,1,proxy:v1-sales-heuristic-2026-09
legal services,5.0,4,0,1,1,4,0.8026281402110329,2.2,0,proxy:v1-sales-heuristic-2026-09
local service business,4.38,23,1,1,1,2,0.8644522244316464,5.6,1,proxy:v1-sales-heuristic-2026-09
local service business,4.55,102,0,1,0,3,0.9506390804495309,2.6,0,proxy:v1-sales-heuristic-2026-09
home services,4.79,29,0,1,1,1,0.7916857383607553,2.8000000000000003,0,proxy:v1-sales-heuristic-2026-09
home services,3.51,19,0,0,0,3,0.8263325650300439,2.4,0,proxy:v1-sales-heuristic-2026-09
local service business,4.57,624,0,1,0,4,0.8625705133517917,1.2,1,proxy:v1-sales-heuristic-2026-09
food & beverage,3.99,169,1,1,0,3,0.7733127472852714,6.6,1,proxy:v1-sales-heuristic-2026-09
local service business,2.77,7,0,1,0,5,0.8408339084189099,1.2,0,proxy:v1-sales-heuristic-2026-09
home services,2.98,11,1,1,0,6,0.86875903174378,5.8,1,proxy:v1-sales-heuristic-2026-09
automotive,3.59,45,0,0,0,4,0.47115519786550675,2.4,0,proxy:v1-sales-heuristic-2026-09
automotive,4.44,3,1,1,0,3,0.8720522395400226,6.0,1,proxy:v1-sales-heuristic-2026-09
local service business,4.21,99,1,1,0,2,0.6719000091219552,5.6,1,proxy:v1-sales-heuristic-2026-09
automotive,4.25,48,1,1,0,4,0.964756122028984,6.6,1,proxy:v1-sales-heuristic-2026-09
beauty & personal care,5.0,65,0,1,0,5,0.9806105137062978,2.8000000000000003,0,proxy:v1-sales-heuristic-2026-09
food & beverage,3.45,45,0,0,0,1,0.9500570225654057,2.4,0,proxy:v1-sales-heuristic-2026-09
automotive,4.13,20,0,1,0,3,0.9164443018642779,3.6,1,proxy:v1-sales-heuristic-2026-09
food & beverage,4.32,7,0,1,1,3,0.5878501219754378,3.0,0,proxy:v1-sales-heuristic-2026-09
legal services,3.75,21,0,1,0,2,0.7832621827531401,3.6,1,proxy:v1-sales-heuristic-2026-09
automotive,4.17,8,0,0,1,2,0.6596253484797507,2.4,1,proxy:v1-sales-heuristic-2026-09
local service business,3.27,41,1,1,0,6,0.611024408907079,5.6,1,proxy:v1-sales-heuristic-2026-09
local service business,4.93,59,0,1,0,3,0.9917208949447412,1.7999999999999998,0,proxy:v1-sales-heuristic-2026-09
food & beverage,3.78,124,0,0,1,4,0.9033321071273855,2.4,0,proxy:v1-sales-heuristic-2026-09
automotive,5.0,36,0,1,0,1,0.5912747670774098,2.8000000000000003,1,proxy:v1-sales-heuristic-2026-09
health care,4.13,67,0,1,0,2,0.5892873111760638,3.6,1,proxy:v1-sales-heuristic-2026-09
automotive,4.72,17,0,1,0,2,0.837764435952091,2.8000000000000003,0,proxy:v1-sales-heuristic-2026-09
food & beverage,4.12,14,0,1,0,2,0.88380605381576,3.6,1,proxy:v1-sales-heuristic-2026-09
local service business,4.13,41,0,1,0,6,0.9690199794939117,2.6,0,proxy:v1-sales-heuristic-2026-09
local service business,3.83,16,0,1,0,4,0.7086172948389793,2.6,0,proxy:v1-sales-heuristic-2026-09
local service business,4.22,32,0,0,0,6,0.8775353572485385,1.4,0,proxy:v1-sales-heuristic-2026-09
food & beverage,4.32,7,0,1,0,3,0.9072290818893219,3.0,0,proxy:v1-sales-heuristic-2026-09
pets,3.72,9,1,1,0,5,0.6368251920166258,6.6,1,proxy:v1-sales-heuristic-2026-09
pets,4.08,49,0,1,1,1,0.8261148725045333,3.6,1,proxy:v1-sales-heuristic-2026-09
food & beverage,3.81,65,0,1,0,5,0.7702875178345795,3.6,1,proxy:v1-sales-heuristic-2026-09
fitness,5.0,8,0,1,0,4,0.8974972416016811,2.8000000000000003,0,proxy:v1-sales-heuristic-2026-09
automotive,4.1,51,0,1,1,1,0.9433466234668199,3.6,1,proxy:v1-sales-heuristic-2026-09
beauty & personal care,5.0,13,0,1,0,5,0.6466761077417678,2.8000000000000003,0,proxy:v1-sales-heuristic-2026-09
home services,4.04,24,0,1,0,3,0.9586393673176322,3.6,1,proxy:v1-sales-heuristic-2026-09
automotive,4.29,116,1,1,0,1,0.5924802416811327,6.6,0,proxy:v1-sales-heuristic-2026-09
automotive,3.42,59,0,1,1,6,0.9782813551962232,3.6,1,proxy:v1-sales-heuristic-2026-09
local service business,3.9,58,0,1,0,4,0.7211413590046066,2.6,0,proxy:v1-sales-heuristic-2026-09
local service business,4.27,200,0,1,0,4,0.7335816523391236,2.6,0,proxy:v1-sales-heuristic-2026-09
health care,5.0,11,1,1,1,4,0.7582882950308235,5.8,1,proxy:v1-sales-heuristic-2026-09
local service business,4.27,8,0,0,0,1,0.947510113552733,1.4,0,proxy:v1-sales-heuristic-2026-09
local service business,4.91,11,0,1,0,2,0.8951688208101153,1.7999999999999998,0,proxy:v1-sales-heuristic-2026-09
automotive,4.5,18,0,1,1,5,0.6653530271250055,3.6,1,proxy:v1-sales-heuristic-2026-09
home services,5.0,1,0,1,0,3,0.7591607396654898,2.2,0,proxy:v1-sales-heuristic-2026-09
food & beverage,4.12,19,0,1,1,6,0.8903739357084004,3.6,1,proxy:v1-sales-heuristic-2026-09
automotive,5.0,13,0,1,0,2,0.886273184956769,2.8000000000000003,0,proxy:v1-sales-heuristic-2026-09
legal services,3.88,58,1,1,0,3,0.8372980646316848,6.6,1,proxy:v1-sales-heuristic-2026-09
home services,3.73,36,0,1,0,3,0.7293454831577457,3.6,1,proxy:v1-sales-heuristic-2026-09
home services,3.48,12,1,1,0,1,0.5292654259358988,6.6,1,proxy:v1-sales-heuristic-2026-09
automotive,5.0,851,0,1,0,5,0.7845811270787745,-0.2999999999999998,0,proxy:v1-sales-heuristic-2026-09
beauty & personal care,4.6,54,0,1,1,1,0.5308785414519139,3.6,1,proxy:v1-sales-heuristic-2026-09
local service business,3.97,10,0,1,0,3,0.8946625790211805,2.6,0,proxy:v1-sales-heuristic-2026-09
automotive,4.84,14,0,1,1,6,0.6682858839224644,2.8000000000000003,0,proxy:v1-sales-heuristic-2026-09
beauty & personal care,4.53,2,0,1,0,6,0.9369948287592201,3.0,0,proxy:v1-sales-heuristic-2026-09
beauty & personal care,5.0,7,0,1,1,2,0.5686453614449787,2.2,0,proxy:v1-sales-heuristic-2026-09
home services,3.3,10,0,1,0,3,0.4520182010960217,3.6,1,proxy:v1-sales-heuristic-2026-09
health care,4.0,26,1,1,0,4,0.6224654681131705,6.6,1,proxy:v1-sales-heuristic-2026-09
home services,3.9,8,0,1,1,5,0.8916238485375532,3.6,1,proxy:v1-sales-heuristic-2026-09
automotive,3.06,13,0,1,1,2,0.8110589563199725,2.8000000000000003,0,proxy:v1-sales-heuristic-2026-09
beauty & personal care,4.73,6,0,0,1,4,0.9042918547923439,1.0,0,proxy:v1-sales-heuristic-2026-09
local service business,4.0,29,1,0,1,6,0.7362822836426491,4.3999999999999995,1,proxy:v1-sales-heuristic-2026-09
fitness,4.56,39,0,1,0,5,0.8124710087496322,3.6,1,proxy:v1-sales-heuristic-2026-09
fitness,5.0,38,0,1,0,5,0.8543305927712402,2.8000000000000003,1,proxy:v1-sales-heuristic-2026-09
fitness,3.96,24,0,1,0,6,0.9330751384827971,3.6,1,proxy:v1-sales-heuristic-2026-09
legal services,3.92,4,0,1,1,6,0.9525558633385677,3.0,0,proxy:v1-sales-heuristic-2026-09
automotive,4.22,12,0,1,0,4,0.858161051103053,3.6,1,proxy:v1-sales-heuristic-2026-09
food & beverage,4.69,762,0,0,0,6,0.8273110505518605,1.8,0,proxy:v1-sales-heuristic-2026-09
home services,3.84,15,0,1,0,3,0.9081693070097586,3.6,1,proxy:v1-sales-heuristic-2026-09
food & beverage,3.8,26,0,1,1,5,0.7521435684062956,3.6,0,proxy:v1-sales-heuristic-2026-09
local service business,4.73,117,0,0,0,6,0.798323030964656,0.6,0,proxy:v1-sales-heuristic-2026-09
home services,4.36,59,0,1,1,1,0.9609136342519292,3.6,1,proxy:v1-sales-heuristic-2026-09
legal services,3.03,8,0,1,0,6,0.9935776703231757,2.8000000000000003,0,proxy:v1-sales-heuristic-2026-09
local service business,3.48,51,0,1,0,5,0.5613503325405227,2.6,0,proxy:v1-sales-heuristic-2026-09
home services,4.98,49,1,1,0,6,0.8907610320819204,5.8,1,proxy:v1-sales-heuristic-2026-09
local service business,4.37,10,1,0,1,5,0.9814545427499737,4.3999999999999995,1,proxy:v1-sales-heuristic-2026-09
health care,3.73,62,1,1,1,1,0.9452851619104218,6.6,1,proxy:v1-sales-heuristic-2026-09
local service business,4.06,20,0,1,0,2,0.8065058561958466,2.6,0,proxy:v1-sales-heuristic-2026-09
food & beverage,4.16,5,0,1,0,1,0.8186934077658495,3.0,0,proxy:v1-sales-heuristic-2026-09
home services,4.55,40,0,1,0,4,0.854689702842868,3.6,1,proxy:v1-sales-heuristic-2026-09
home services,3.4,31,0,0,0,3,0.6384583155082698,2.4,0,proxy:v1-sales-heuristic-2026-09
automotive,3.69,19,1,0,1,3,0.9478087328620793,5.3999999999999995,0,proxy:v1-sales-heuristic-2026-09
food & beverage,4.3,23,0,0,0,5,0.31483760095323277,2.4,0,proxy:v1-sales-heuristic-2026-09
local service business,4.1,11,1,1,0,5,0.8764678830473012,5.6,1,proxy:v1-sales-heuristic-2026-09
fitness,4.46,47,0,1,0,1,0.4976367688932976,3.6,1,proxy:v1-sales-heuristic-2026-09
automotive,3.47,23,0,0,0,6,0.860627325381812,2.4,0,proxy:v1-sales-heuristic-2026-09
food & beverage,4.35,29,0,1,0,3,0.8458913241132537,3.6,1,proxy:v1-sales-heuristic-2026-09
beauty & personal care,4.75,36,1,1,0,5,0.741948936523913,5.8,1,proxy:v1-sales-heuristic-2026-09
automotive,4.42,6,0,1,1,4,0.8414469350399669,3.0,0,proxy:v1-sales-heuristic-2026-09
local service business,4.23,9,0,1,0,3,0.7949537374086293,2.6,1,proxy:v1-sales-heuristic-2026-09
home services,4.1,2,1,1,1,2,0.2212645357113641,6.0,1,proxy:v1-sales-heuristic-2026-09
food & beverage,3.69,45,0,0,1,2,0.6705038901573891,2.4,0,proxy:v1-sales-heuristic-2026-09
health care,4.11,6,0,1,0,5,0.8851967007301601,3.0,0,proxy:v1-sales-heuristic-2026-09
automotive,4.84,28,0,1,1,2,0.9777693769100195,2.8000000000000003,0,proxy:v1-sales-heuristic-2026-09
beauty & personal care,4.08,36,0,1,1,2,0.7137822111186849,3.6,1,proxy:v1-sales-heuristic-2026-09
pets,3.66,47,0,1,0,1,0.7161831081772921,3.6,1,proxy:v1-sales-heuristic-2026-09
fitness,3.88,6,0,1,1,6,0.4624981433832241,3.0,0,proxy:v1-sales-heuristic-2026-09
local service business,4.26,22,0,1,0,3,0.6892231840482199,2.6,1,proxy:v1-sales-heuristic-2026-09
fitness,3.94,154,0,1,1,3,0.8059410238717108,3.6,1,proxy:v1-sales-heuristic-2026-09
home services,4.42,161,0,1,0,3,0.8722314588998745,3.6,1,proxy:v1-sales-heuristic-2026-09
legal services,4.44,72,0,1,0,4,0.487432304962682,3.6,1,proxy:v1-sales-heuristic-2026-09
local service business,4.64,35,1,1,1,3,0.8933018160444944,5.6,1,proxy:v1-sales-heuristic-2026-09
pets,4.93,8,1,1,0,4,0.8784121843450686,5.8,1,proxy:v1-sales-heuristic-2026-09
local service business,4.7,54,0,1,1,2,0.8204839532383587,2.6,0,proxy:v1-sales-heuristic-2026-09
local service business,3.64,20,0,1,1,2,0.982119578137496,2.6,0,proxy:v1-sales-heuristic-2026-09
local service business,3.65,45,0,1,0,6,0.8520272488771269,2.6,0,proxy:v1-sales-heuristic-2026-09
automotive,4.11,12,0,0,1,3,0.8819268511263618,2.4,0,proxy:v1-sales-heuristic-2026-09
legal services,3.9,1804,0,1,1,6,0.8691417015686776,1.5,0,proxy:v1-sales-heuristic-2026-09
home services,3.52,29,1,1,0,6,0.8476428470644368,6.6,1,proxy:v1-sales-heuristic-2026-09
health care,3.91,32,1,1,0,5,0.7359278627656467,6.6,1,proxy:v1-sales-heuristic-2026-09
fitness,3.89,42,0,1,0,4,0.5545140783388608,3.6,1,proxy:v1-sales-heuristic-2026-09
local service business,3.78,12,0,1,0,6,0.382849987068996,2.6,0,proxy:v1-sales-heuristic-2026-09
local service business,3.98,5,0,1,0,1,0.7747663133151128,2.0,0,proxy:v1-sales-heuristic-2026-09
beauty & personal care,4.8,146,0,1,1,3,0.8138276911916559,2.8000000000000003,0,proxy:v1-sales-heuristic-2026-09
legal services,4.26,379,0,1,1,5,0.7020184195892677,3.0,0,proxy:v1-sales-heuristic-2026-09
legal services,5.0,40,0,0,0,1,0.908696452510629,1.6,0,proxy:v1-sales-heuristic-2026-09
food & beverage,4.24,1809,0,1,0,2,0.5037090381483841,1.5,0,proxy:v1-sales-heuristic-2026-09
automotive,3.99,10,1,0,1,1,0.7964944938418936,5.3999999999999995,1,proxy:v1-sales-heuristic-2026-09
automotive,4.15,42,1,0,1,3,0.9002913212559217,5.3999999999999995,1,proxy:v1-sales-heuristic-2026-09
local service business,4.29,107,0,1,0,4,0.8376109540615359,2.6,0,proxy:v1-sales-heuristic-2026-09
home services,4.39,6,0,1,0,3,0.6195863814624374,3.0,0,proxy:v1-sales-heuristic-2026-09
local service business,5.0,21,0,1,0,1,0.8391150733945046,1.7999999999999998,1,proxy:v1-sales-heuristic-2026-09
home services,3.69,30,1,1,0,3,0.6620444953334901,6.6,1,proxy:v1-sales-heuristic-2026-09
local service business,4.62,63,0,1,0,6,0.8752718833941284,2.6,0,proxy:v1-sales-heuristic-2026-09
food & beverage,4.26,16,0,1,0,1,0.8205829670833985,3.6,1,proxy:v1-sales-heuristic-2026-09
local service business,3.29,4,1,1,0,5,0.74582022662212,5.0,1,proxy:v1-sales-heuristic-2026-09
automotive,4.57,48,1,1,0,2,0.7560087247306121,6.6,1,proxy:v1-sales-heuristic-2026-09
health care,4.85,84,0,1,0,1,0.7987683974252912,2.8000000000000003,0,proxy:v1-sales-heuristic-2026-09
local service business,3.68,22,0,1,0,1,0.8831625086255498,2.6,0,proxy:v1-sales-heuristic-2026-09
local service business,4.15,38,0,1,1,1,0.7858471889462242,2.6,0,proxy:v1-sales-heuristic-2026-09
local service business,3.2,14,0,1,1,3,0.7783149795790472,2.6,0,proxy:v1-sales-heuristic-2026-09
automotive,3.46,9,1,1,1,3,0.3855344421602007,6.6,1,proxy:v1-sales-heuristic-2026-09
food & beverage,4.73,75,0,1,1,4,0.9396463577422637,2.8000000000000003,0,proxy:v1-sales-heuristic-2026-09
automotive,3.89,37,0,0,1,1,0.874640940878327,2.4,0,proxy:v1-sales-heuristic-2026-09
automotive,3.54,42,1,1,0,4,0.8980318213235925,6.6,1,proxy:v1-sales-heuristic-2026-09
fitness,4.28,128,0,1,0,5,0.8934873774998382,3.6,1,proxy:v1-sales-heuristic-2026-09
pets,3.86,7,0,0,0,1,0.9393241515350145,1.8,0,proxy:v1-sales-heuristic-2026-09
local service business,3.89,13,0,1,0,5,0.7110230218550286,2.6,0,proxy:v1-sales-heuristic-2026-09
local service business,4.56,29,0,1,0,1,0.7123962285127001,2.6,0,proxy:v1-sales-heuristic-2026-09
legal services,3.51,13,0,1,0,3,0.5241820273771138,3.6,1,proxy:v1-sales-heuristic-2026-09
local service business,3.65,58,0,1,1,4,0.9416951971903673,2.6,0,proxy:v1-sales-heuristic-2026-09
automotive,4.23,19,0,1,1,6,0.5476511282488907,3.6,1,proxy:v1-sales-heuristic-2026-09
beauty & personal care,4.68,8,0,1,1,4,0.7902976835804051,3.6,1,proxy:v1-sales-heuristic-2026-09
fitness,4.83,26,0,1,0,3,0.9121088219580856,2.8000000000000003,1,proxy:v1-sales-heuristic-2026-09
local service business,3.78,29,0,1,1,6,0.6323433455257208,2.6,0,proxy:v1-sales-heuristic-2026-09
automotive,4.67,68,0,1,1,2,0.5001873081181528,3.6,1,proxy:v1-sales-heuristic-2026-09
home services,3.72,37,1,1,0,2,0.7912030545833618,6.6,1,proxy:v1-sales-heuristic-2026-09
fitness,5.0,40,0,1,0,3,0.7882382790037847,2.8000000000000003,0,proxy:v1-sales-heuristic-2026-09
automotive,3.53,34,0,1,0,1,0.7055838831906699,3.6,1,proxy:v1-sales-heuristic-2026-09
food & beverage,4.88,19,0,1,0,1,0.3003132316729783,2.8000000000000003,0,proxy:v1-sales-heuristic-2026-09
local service business,3.79,11,1,1,0,3,0.8303194661837259,5.6,1,proxy:v1-sales-heuristic-2026-09
fitness,5.0,33,0,1,0,1,0.8694887910473851,2.8000000000000003,0,proxy:v1-sales-heuristic-2026-09
beauty & personal care,4.48,17,0,1,1,4,0.8423036403689944,3.6,1,proxy:v1-sales-heuristic-2026-09
local service business,3.59,157,1,1,0,4,0.701546342675864,5.6,0,proxy:v1-sales-heuristic-2026-09
food & beverage,3.86,107,1,1,0,3,0.9873212910515266,6.6,1,proxy:v1-sales-heuristic-2026-09
local service business,4.58,49,0,1,1,3,0.8238060662687964,2.6,0,proxy:v1-sales-heuristic-2026-09
beauty & personal care,4.73,37,0,1,0,1,0.5183979656668883,2.8000000000000003,1,proxy:v1-sales-heuristic-2026-09
health care,4.11,22,0,1,0,3,0.7055434900126384,3.6,1,proxy:v1-sales-heuristic-2026-09
food & beverage,4.17,6,1,1,0,1,0.3936361009582528,6.0,1,proxy:v1-sales-heuristic-2026-09
beauty & personal care,4.57,19,0,1,0,3,0.7910451635981142,3.6,0,proxy:v1-sales-heuristic-2026-09
local service business,4.22,2699,0,1,0,5,0.8179787958324686,-0.30000000000000004,0,proxy:v1-sales-heuristic-2026-09
beauty & personal care,3.44,31,0,1,1,6,0.7890459340229747,3.6,1,proxy:v1-sales-heuristic-2026-09
automotive,3.7,41,1,1,1,2,0.9834669060646777,6.6,1,proxy:v1-sales-heuristic-2026-09
food & beverage,4.28,67,0,1,0,2,0.4403819236074009,3.6,1,proxy:v1-sales-heuristic-2026-09
pets,4.82,11,0,0,0,5,0.5242289634795221,1.6,0,proxy:v1-sales-heuristic-2026-09
local service business,5.0,2560,0,1,0,6,0.7858806411396518,-2.1,0,proxy:v1-sales-heuristic-2026-09
local service business,4.58,121,0,1,0,2,0.7449583514422163,2.6,0,proxy:v1-sales-heuristic-2026-09
beauty & personal care,4.31,57,1,1,0,6,0.389826113602868,6.6,1,proxy:v1-sales-heuristic-2026-09
food & beverage,4.56,15,0,1,1,2,0.9682421229360567,3.6,1,proxy:v1-sales-heuristic-2026-09
automotive,3.78,21,0,1,1,4,0.7480580846761818,3.6,1,proxy:v1-sales-heuristic-2026-09
health care,4.07,21,0,1,0,2,0.870724660536134,3.6,1,proxy:v1-sales-heuristic-2026-09
local service business,3.7,25,0,1,0,2,0.6074589229115899,2.6,0,proxy:v1-sales-heuristic-2026-09
pets,3.46,41,0,1,1,6,0.924452121215891,3.6,1,proxy:v1-sales-heuristic-2026-09
health care,4.33,398,0,1,0,3,0.8999140265479574,3.0,0,proxy:v1-sales-heuristic-2026-09
food & beverage,4.25,30,0,1,0,1,0.6169632545238576,3.6,1,proxy:v1-sales-heuristic-2026-09
local service business,4.53,50,0,1,1,5,0.7434272556551885,2.6,0,proxy:v1-sales-heuristic-2026-09
home services,4.45,3,1,1,0,1,0.7873993529528746,6.0,1,proxy:v1-sales-heuristic-2026-09
automotive,4.28,14,0,1,0,1,0.6324880713634371,3.6,1,proxy:v1-sales-heuristic-2026-09
food & beverage,4.46,94,0,1,0,6,0.8816341564940202,3.6,1,proxy:v1-sales-heuristic-2026-09
automotive,4.13,643,0,1,0,3,0.957858704243297,3.0,0,proxy:v1-sales-heuristic-2026-09
beauty & personal care,4.38,0,0,1,0,1,0.6802048654731738,3.0,0,proxy:v1-sales-heuristic-2026-09
automotive,3.75,51,0,1,1,6,0.9320937945227472,3.6,1,proxy:v1-sales-heuristic-2026-09
home services,4.35,202,0,0,0,2,0.8147377453243804,2.4,0,proxy:v1-sales-heuristic-2026-09
fitness,4.52,2,0,1,0,4,0.7127753482232941,3.0,0,proxy:v1-sales-heuristic-2026-09
food & beverage,3.78,130,0,1,0,2,0.8963575374535442,3.6,1,proxy:v1-sales-heuristic-2026-09
home services,4.18,1,1,1,0,4,0.7058862874163924,6.0,1,proxy:v1-sales-heuristic-2026-09
local service business,3.81,68,1,1,1,5,0.9208344319367454,5.6,1,proxy:v1-sales-heuristic-2026-09
legal services,3.86,1980,1,1,0,5,0.9737288663834799,4.5,1,proxy:v1-sales-heuristic-2026-09
health care,3.53,1,0,1,1,3,0.9160349424462526,3.0,1,proxy:v1-sales-heuristic-2026-09
beauty & personal care,4.85,40,0,1,1,4,0.7835084761195973,2.8000000000000003,0,proxy:v1-sales-heuristic-2026-09
local service business,4.74,87,0,1,0,6,0.9219341695002464,1.7999999999999998,0,proxy:v1-sales-heuristic-2026-09
beauty & personal care,4.45,36,0,1,0,6,0.9520231801803269,3.6,0,proxy:v1-sales-heuristic-2026-09
food & beverage,5.0,46,1,1,0,5,0.8443584190118122,5.8,1,proxy:v1-sales-heuristic-2026-09
local service business,4.05,15,0,1,0,3,0.6495466404951908,2.6,0,proxy:v1-sales-heuristic-2026-09
home services,5.0,3,1,1,1,4,0.686363282264744,5.2,1,proxy:v1-sales-heuristic-2026-09
legal services,4.02,52,0,1,1,6,0.6300582906036902,3.6,1,proxy:v1-sales-heuristic-2026-09
health care,4.29,168,0,1,1,2,0.7055781939507711,3.6,1,proxy:v1-sales-heuristic-2026-09
fitness,3.93,84,0,1,0,5,0.8190008271586667,3.6,1,proxy:v1-sales-heuristic-2026-09
beauty & personal care,4.35,2,0,1,0,5,0.8271897215067875,3.0,0,proxy:v1-sales-heuristic-2026-09
beauty & personal care,4.61,4,0,1,1,3,0.869099762858353,3.0,0,proxy:v1-sales-heuristic-2026-09
food & beverage,4.09,9,0,1,0,6,0.6277608967894238,3.6,1,proxy:v1-sales-heuristic-2026-09
automotive,5.0,4,0,1,0,3,0.8877104074797392,2.2,0,proxy:v1-sales-heuristic-2026-09
local service business,4.28,25,0,1,0,6,0.84041793780441,2.6,0,proxy:v1-sales-heuristic-2026-09
beauty & personal care,4.3,37,0,1,0,4,0.576046796877421,3.6,1,proxy:v1-sales-heuristic-2026-09
health care,3.65,5,0,1,1,1,0.636007469458192,3.0,1,proxy:v1-sales-heuristic-2026-09
local service business,4.38,57,0,0,0,5,0.6402694592809585,1.4,0,proxy:v1-sales-heuristic-2026-09
local service business,4.08,47,1,0,0,5,0.8895435261493617,4.3999999999999995,1,proxy:v1-sales-heuristic-2026-09
home services,3.82,13,0,1,1,2,0.9100955690819271,3.6,1,proxy:v1-sales-heuristic-2026-09
home services,3.72,20,0,1,1,5,0.8699825510198489,3.6,1,proxy:v1-sales-heuristic-2026-09
local service business,5.0,2,0,0,0,4,0.7654950708362636,0.0,0,proxy:v1-sales-heuristic-2026-09
fitness,4.01,17,0,1,0,6,0.7621109221998847,3.6,1,proxy:v1-sales-heuristic-2026-09
local service business,3.35,24,0,1,1,2,0.8108000023445444,2.6,0,proxy:v1-sales-heuristic-2026-09
local service business,3.77,29,1,0,0,2,0.8788709107589082,4.3999999999999995,0,proxy:v1-sales-heuristic-2026-09
local service business,4.12,37,0,1,0,1,0.9745556047555566,2.6,0,proxy:v1-sales-heuristic-2026-09
beauty & personal care,4.45,32,0,0,1,5,0.8299271954648685,2.4,0,proxy:v1-sales-heuristic-2026-09
health care,4.46,2875,0,1,1,6,0.5794452263033182,1.5,1,proxy:v1-sales-heuristic-2026-09
automotive,4.52,3202,0,0,0,5,0.8469622924640984,0.30000000000000004,0,proxy:v1-sales-heuristic-2026-09
fitness,3.8,73,0,1,0,3,0.7284315544428678,3.6,1,proxy:v1-sales-heuristic-2026-09
local service business,4.34,22,0,1,1,6,0.6263378479402073,2.6,1,proxy:v1-sales-heuristic-2026-09
home services,3.67,34,0,1,0,2,0.9739961577955015,3.6,1,proxy:v1-sales-heuristic-2026-09
home services,3.81,19,0,1,0,5,0.9641900196154705,3.6,1,proxy:v1-sales-heuristic-2026-09
automotive,3.65,12,0,1,0,4,0.6180813076157582,3.6,1,proxy:v1-sales-heuristic-2026-09
local service business,3.5,43,1,0,1,6,0.8994787490689602,4.3999999999999995,0,proxy:v1-sales-heuristic-2026-09
automotive,4.74,13,0,0,1,6,0.6962407093672913,1.6,0,proxy:v1-sales-heuristic-2026-09
automotive,4.53,37,0,0,1,3,0.8058552974361622,2.4,0,proxy:v1-sales-heuristic-2026-09
beauty & personal care,4.69,25,0,1,0,1,0.7581680072278184,3.6,1,proxy:v1-sales-heuristic-2026-09
automotive,4.17,17,0,1,0,1,0.8723903506543287,3.6,0,proxy:v1-sales-heuristic-2026-09
home services,4.58,17,0,1,0,5,0.7799819664612316,3.6,1,proxy:v1-sales-heuristic-2026-09
home services,3.18,14,0,1,1,3,0.785939181999762,2.8000000000000003,0,proxy:v1-sales-heuristic-2026-09
food & beverage,4.62,4,0,1,0,1,0.9064634589284281,3.0,0,proxy:v1-sales-heuristic-2026-09
automotive,4.25,37,0,1,0,5,0.7834607146735553,3.6,1,proxy:v1-sales-heuristic-2026-09
automotive,4.49,31,0,1,0,4,0.9793225955584207,3.6,1,proxy:v1-sales-heuristic-2026-09
food & beverage,4.36,62,0,1,0,1,0.5586685492830271,3.6,1,proxy:v1-sales-heuristic-2026-09
automotive,3.61,13,0,1,0,5,0.7705351750633433,3.6,1,proxy:v1-sales-heuristic-2026-09
pets,3.33,197,0,1,1,4,0.5679333265861817,3.6,1,proxy:v1-sales-heuristic-2026-09
beauty & personal care,3.76,16,0,1,1,6,0.9744776443850166,3.6,1,proxy:v1-sales-heuristic-2026-09
food & beverage,4.46,9,1,1,0,6,0.8284981352498396,6.6,1,proxy:v1-sales-heuristic-2026-09
food & beverage,4.53,8,0,0,1,6,0.8555219116051712,2.4,0,proxy:v1-sales-heuristic-2026-09
food & beverage,3.4,3,0,1,1,6,0.6753858171371998,3.0,0,proxy:v1-sales-heuristic-2026-09
automotive,3.61,132,0,0,0,5,0.9147044764629277,2.4,1,proxy:v1-sales-heuristic-2026-09
automotive,3.75,110,0,0,1,5,0.8318373135278024,2.4,0,proxy:v1-sales-heuristic-2026-09
local service business,3.95,47,0,1,0,4,0.8556660660552614,2.6,0,proxy:v1-sales-heuristic-2026-09
automotive,3.4,9,1,1,0,5,0.8188513091684844,6.6,1,proxy:v1-sales-heuristic-2026-09
home services,3.37,179,1,1,0,6,0.8638509859999499,6.6,1,proxy:v1-sales-heuristic-2026-09
home services,3.7,16,1,1,1,1,0.6211504797293602,6.6,1,proxy:v1-sales-heuristic-2026-09
food & beverage,4.2,18,0,1,0,1,0.9713517016257249,3.6,1,proxy:v1-sales-heuristic-2026-09
home services,3.5,119,0,1,0,3,0.8395040119523711,3.6,1,proxy:v1-sales-heuristic-2026-09
local service business,4.09,50,1,0,0,2,0.9806787963961738,4.3999999999999995,1,proxy:v1-sales-heuristic-2026-09
local service business,4.73,276,1,1,0,4,0.7306655295115306,4.2,0,proxy:v1-sales-heuristic-2026-09
beauty & personal care,3.43,32,0,1,0,2,0.6541744427892834,3.6,1,proxy:v1-sales-heuristic-2026-09
food & beverage,4.04,15,0,0,1,5,0.8587233636869888,2.4,0,proxy:v1-sales-heuristic-2026-09
beauty & personal care,4.71,12,0,0,1,6,0.6413945405843035,1.6,0,proxy:v1-sales-heuristic-2026-09
home services,3.92,3,1,1,0,2,0.7401631376665944,6.0,1,proxy:v1-sales-heuristic-2026-09
pets,3.83,18,0,1,0,5,0.7931576518955927,3.6,1,proxy:v1-sales-heuristic-2026-09
beauty & personal care,4.79,86,1,0,0,1,0.6974893508371288,4.6,1,proxy:v1-sales-heuristic-2026-09
food & beverage,3.98,47,0,1,1,5,0.9480360183398182,3.6,1,proxy:v1-sales-heuristic-2026-09
local service business,4.76,25,0,0,1,5,0.5849412597479028,0.6,0,proxy:v1-sales-heuristic-2026-09
automotive,4.39,8,0,1,0,5,0.8454799266468358,3.6,1,proxy:v1-sales-heuristic-2026-09
home services,3.96,31,1,1,0,3,0.8361977905767081,6.6,1,proxy:v1-sales-heuristic-2026-09
pets,4.41,74,0,1,1,1,0.2626465285508843,3.6,1,proxy:v1-sales-heuristic-2026-09
automotive,4.33,39,0,1,0,6,0.7542652770243421,3.6,1,proxy:v1-sales-heuristic-2026-09
automotive,4.71,29,1,1,0,1,0.8748895211000653,5.8,1,proxy:v1-sales-heuristic-2026-09
automotive,3.85,10,0,1,1,3,0.9558118920361288,3.6,1,proxy:v1-sales-heuristic-2026-09
local service business,4.17,63,0,1,0,2,0.966374426310782,2.6,0,proxy:v1-sales-heuristic-2026-09
automotive,4.12,0,1,1,1,6,0.6134207998043676,6.0,1,proxy:v1-sales-heuristic-2026-09
beauty & personal care,4.54,37,0,1,0,4,0.6746197967896845,3.6,1,proxy:v1-sales-heuristic-2026-09
automotive,3.59,414,1,1,1,4,0.8101849667878593,6.0,1,proxy:v1-sales-heuristic-2026-09
automotive,4.71,4,0,1,0,2,0.7779804816402589,2.2,0,proxy:v1-sales-heuristic-2026-09
fitness,4.41,18,0,1,1,5,0.9180801695456309,3.6,1,proxy:v1-sales-heuristic-2026-09
beauty & personal care,3.43,24,1,1,0,2,0.8129918644002873,6.6,1,proxy:v1-sales-heuristic-2026-09
health care,4.81,14,1,1,0,5,0.6789791401277265,5.8,1,proxy:v1-sales-heuristic-2026-09
health care,5.0,76,0,1,0,6,0.6942366511415202,2.8000000000000003,0,proxy:v1-sales-heuristic-2026-09
local service business,4.7,41,0,1,0,2,0.8626933330585901,2.6,0,proxy:v1-sales-heuristic-2026-09
automotive,4.93,29,1,1,0,5,0.984631737878966,5.8,1,proxy:v1-sales-heuristic-2026-09
local service business,4.2,58,0,0,1,2,0.8632714481819047,1.4,0,proxy:v1-sales-heuristic-2026-09
health care,3.24,24,0,0,0,6,0.41144890331980666,2.4,0,proxy:v1-sales-heuristic-2026-09
automotive,3.14,810,1,1,0,6,0.9132580686127253,3.7,1,proxy:v1-sales-heuristic-2026-09
local service business,4.29,28,0,1,0,2,0.34031063246928633,2.6,0,proxy:v1-sales-heuristic-2026-09
local service business,3.82,30,0,1,1,2,0.776353562596091,2.6,0,proxy:v1-sales-heuristic-2026-09
beauty & personal care,3.65,3,0,1,1,1,0.7931362097437943,3.0,0,proxy:v1-sales-heuristic-2026-09
local service business,4.12,13,1,1,1,5,0.8611171861827578,5.6,1,proxy:v1-sales-heuristic-2026-09
home services,4.49,86,0,1,1,6,0.8307199485771704,3.6,1,proxy:v1-sales-heuristic-2026-09
health care,3.35,5,0,0,1,1,0.9879742967236175,1.8,0,proxy:v1-sales-heuristic-2026-09
local service business,3.9,2,0,0,0,5,0.7255340649909825,0.8,1,proxy:v1-sales-heuristic-2026-09
food & beverage,4.98,25,0,1,1,5,0.6983803085149728,2.8000000000000003,0,proxy:v1-sales-heuristic-2026-09
local service business,3.56,110,0,1,1,3,0.90343109967882,2.6,1,proxy:v1-sales-heuristic-2026-09
food & beverage,4.63,25,0,1,1,2,0.692829473279606,3.6,1,proxy:v1-sales-heuristic-2026-09
local service business,3.88,16,0,1,0,4,0.5436527869489429,2.6,0,proxy:v1-sales-heuristic-2026-09
health care,4.45,3,1,1,0,4,0.8898501762322292,6.0,1,proxy:v1-sales-heuristic-2026-09
beauty & personal care,4.75,40,0,1,1,5,0.8558998137056267,2.8000000000000003,0,proxy:v1-sales-heuristic-2026-09
food & beverage,4.56,50,0,1,0,4,0.6150952469852599,3.6,1,proxy:v1-sales-heuristic-2026-09
food & beverage,4.65,3,0,1,0,1,0.8872500834287962,3.0,0,proxy:v1-sales-heuristic-2026-09
automotive,3.52,85,1,1,1,2,0.7368518753720971,6.6,1,proxy:v1-sales-heuristic-2026-09
automotive,4.76,56,0,1,0,3,0.7078913906648755,2.8000000000000003,1,proxy:v1-sales-heuristic-2026-09
food & beverage,3.68,85,0,1,0,3,0.951651910734208,3.6,1,proxy:v1-sales-heuristic-2026-09
automotive,4.29,46,0,1,0,3,0.7687735390147402,3.6,1,proxy:v1-sales-heuristic-2026-09
automotive,4.29,50,1,1,0,6,0.6967394665416276,6.6,1,proxy:v1-sales-heuristic-2026-09
pets,4.42,1447,0,1,0,2,0.5578774855813584,1.5,0,proxy:v1-sales-heuristic-2026-09
pets,4.34,727,0,1,0,5,0.7545561932636481,3.0,1,proxy:v1-sales-heuristic-2026-09
legal services,3.69,3,0,1,0,3,0.8025397346340755,3.0,0,proxy:v1-sales-heuristic-2026-09
food & beverage,3.41,4,0,1,1,6,0.9341154256815255,3.0,0,proxy:v1-sales-heuristic-2026-09
local service business,4.63,10,0,1,0,6,0.6696977564569647,2.6,0,proxy:v1-sales-heuristic-2026-09
health care,4.25,21,0,1,0,5,0.7715356990060985,3.6,1,proxy:v1-sales-heuristic-2026-09
automotive,4.78,37,0,0,1,5,0.914982218211746,1.6,0,proxy:v1-sales-heuristic-2026-09
automotive,4.13,35,0,0,0,4,0.6498824440331648,2.4,0,proxy:v1-sales-heuristic-2026-09
pets,3.38,83,1,1,0,4,0.6186323975793593,6.6,1,proxy:v1-sales-heuristic-2026-09
automotive,4.68,86,0,0,1,4,0.6457836239213397,2.4,0,proxy:v1-sales-heuristic-2026-09
home services,3.95,9,0,1,0,1,0.6868475068702259,3.6,0,proxy:v1-sales-heuristic-2026-09
local service business,4.34,31,0,1,0,6,0.8600295700825749,2.6,0,proxy:v1-sales-heuristic-2026-09
automotive,3.79,9,0,1,1,6,0.6005999607342865,3.6,1,proxy:v1-sales-heuristic-2026-09
automotive,5.0,19,0,1,0,4,0.6407138832475303,2.8000000000000003,0,proxy:v1-sales-heuristic-2026-09
local service business,3.67,34,0,1,0,6,0.746167313694938,2.6,0,proxy:v1-sales-heuristic-2026-09
health care,3.96,1043,0,1,0,3,0.7690159441328771,1.5,1,proxy:v1-sales-heuristic-2026-09
automotive,4.21,348,1,1,1,1,0.8762850964996531,6.0,1,proxy:v1-sales-heuristic-2026-09
local service business,3.55,45,0,1,0,6,0.7181309202419466,2.6,0,proxy:v1-sales-heuristic-2026-09
local service business,4.33,12,0,1,0,4,0.9780328429270051,2.6,0,proxy:v1-sales-heuristic-2026-09
home services,5.0,204,0,0,0,6,0.8812596306614076,1.6,1,proxy:v1-sales-heuristic-2026-09
fitness,3.88,16,0,0,1,2,0.9051787050813304,2.4,0,proxy:v1-sales-heuristic-2026-09
beauty & personal care,4.37,28,0,1,0,3,0.5853565801373963,3.6,1,proxy:v1-sales-heuristic-2026-09
automotive,2.64,14,0,1,0,5,0.5726657163923791,2.8000000000000003,0,proxy:v1-sales-heuristic-2026-09
health care,4.13,150,0,1,1,1,0.7634394530326517,3.6,1,proxy:v1-sales-heuristic-2026-09
beauty & personal care,3.98,21,0,1,0,6,0.7761729493670887,3.6,1,proxy:v1-sales-heuristic-2026-09
fitness,3.7,28,0,0,0,4,0.9075846853667046,2.4,0,proxy:v1-sales-heuristic-2026-09
local service business,4.74,92,0,1,0,2,0.8591964448426571,1.7999999999999998,0,proxy:v1-sales-heuristic-2026-09
automotive,3.97,46,0,1,0,5,0.6644193331730825,3.6,1,proxy:v1-sales-heuristic-2026-09
health care,4.05,23,0,1,1,6,0.9029241867692234,3.6,1,proxy:v1-sales-heuristic-2026-09
beauty & personal care,3.94,83,0,1,0,3,0.8983056027272153,3.6,1,proxy:v1-sales-heuristic-2026-09
local service business,3.1,400,0,1,1,4,0.8019357949462697,0.3999999999999999,0,proxy:v1-sales-heuristic-2026-09
beauty & personal care,3.53,34,0,1,0,5,0.9730749399003628,3.6,0,proxy:v1-sales-heuristic-2026-09
health care,4.68,27,0,1,0,1,0.34171057522474285,3.6,0,proxy:v1-sales-heuristic-2026-09
health care,2.99,29,0,1,1,4,0.7581123162297106,2.8000000000000003,0,proxy:v1-sales-heuristic-2026-09
food & beverage,3.73,103,0,1,0,4,0.5275645484181045,3.6,0,proxy:v1-sales-heuristic-2026-09
fitness,3.93,12,0,1,0,2,0.9579268522956907,3.6,1,proxy:v1-sales-heuristic-2026-09
pets,5.0,18,0,1,1,2,0.7586454842890292,2.8000000000000003,0,proxy:v1-sales-heuristic-2026-09
health care,4.57,4,0,1,1,4,0.9852604574989956,3.0,0,proxy:v1-sales-heuristic-2026-09
legal services,3.84,6,0,0,0,5,0.5078910349748027,1.8,0,proxy:v1-sales-heuristic-2026-09
local service business,4.87,13,0,1,0,3,0.6160427079261669,1.7999999999999998,0,proxy:v1-sales-heuristic-2026-09
food & beverage,3.74,23,1,0,1,1,0.9379328896238167,5.3999999999999995,1,proxy:v1-sales-heuristic-2026-09
home services,4.71,171,0,1,0,5,0.7366160056749174,2.8000000000000003,0,proxy:v1-sales-heuristic-2026-09
automotive,3.4,44,1,1,1,2,0.7650606714731951,6.6,0,proxy:v1-sales-heuristic-2026-09
local service business,4.74,1586,0,1,0,1,0.9310502605497198,-1.1,1,proxy:v1-sales-heuristic-2026-09
home services,3.93,11,0,1,0,2,0.8433197347945379,3.6,1,proxy:v1-sales-heuristic-2026-09
food & beverage,3.58,111,0,1,1,5,0.4782334783044674,3.6,1,proxy:v1-sales-heuristic-2026-09
automotive,4.03,84,1,1,0,5,0.866193624257565,6.6,1,proxy:v1-sales-heuristic-2026-09
local service business,4.3,25,0,1,1,2,0.7784426908552184,2.6,0,proxy:v1-sales-heuristic-2026-09
food & beverage,3.88,15,0,1,0,4,0.5983653268135964,3.6,1,proxy:v1-sales-heuristic-2026-09
pets,4.45,84,1,1,1,6,0.7718885095505991,6.6,1,proxy:v1-sales-heuristic-2026-09
automotive,3.83,1885,1,1,1,5,0.9505790356676594,4.5,0,proxy:v1-sales-heuristic-2026-09
local service business,4.49,37,0,1,0,5,0.906089214597369,2.6,0,proxy:v1-sales-heuristic-2026-09
automotive,4.39,298,0,1,0,1,0.7745266249060143,3.0,0,proxy:v1-sales-heuristic-2026-09
beauty & personal care,4.12,30,0,1,1,2,0.8913348701676058,3.6,1,proxy:v1-sales-heuristic-2026-09
local service business,3.91,10,0,1,0,1,0.6128520272799599,2.6,0,proxy:v1-sales-heuristic-2026-09
local service business,4.23,38,0,0,1,6,0.5605781630825813,1.4,0,proxy:v1-sales-heuristic-2026-09
beauty & personal care,4.45,14,0,1,0,3,0.9377651206873299,3.6,1,proxy:v1-sales-heuristic-2026-09
home services,5.0,5,0,1,1,3,0.4116620718509675,2.2,0,proxy:v1-sales-heuristic-2026-09
legal services,4.67,53,0,1,0,4,0.8101241990959753,3.6,1,proxy:v1-sales-heuristic-2026-09
local service business,4.69,83,0,1,1,4,0.9828950735898496,2.6,0,proxy:v1-sales-heuristic-2026-09
food & beverage,5.0,17,0,1,0,1,0.6843486693035719,2.8000000000000003,0,proxy:v1-sales-heuristic-2026-09
home services,4.43,16,1,0,0,6,0.602308763724528,5.3999999999999995,1,proxy:v1-sales-heuristic-2026-09
legal services,4.42,8,0,1,0,3,0.8820070423458898,3.6,1,proxy:v1-sales-heuristic-2026-09
legal services,4.54,20,0,1,0,6,0.8817576689405291,3.6,1,proxy:v1-sales-heuristic-2026-09
local service business,3.6,13,0,0,1,5,0.5778729920624426,1.4,0,proxy:v1-sales-heuristic-2026-09
health care,3.91,8,0,1,1,5,0.5285974747080313,3.6,0,proxy:v1-sales-heuristic-2026-09
automotive,3.87,196,1,1,0,5,0.8867490419434274,6.6,1,proxy:v1-sales-heuristic-2026-09
local service business,4.51,40,0,1,1,6,0.9014250461275763,2.6,0,proxy:v1-sales-heuristic-2026-09
local service business,4.05,46,0,1,0,2,0.5163009971412942,2.6,0,proxy:v1-sales-heuristic-2026-09
local service business,4.23,1618,0,1,0,2,0.9611667523632277,-0.30000000000000004,0,proxy:v1-sales-heuristic-2026-09
automotive,4.75,862,0,1,0,5,0.5724366781256274,0.7000000000000002,0,proxy:v1-sales-heuristic-2026-09
beauty & personal care,4.62,15,0,1,0,2,0.8516477005533947,3.6,1,proxy:v1-sales-heuristic-2026-09
legal services,4.06,33,1,0,0,5,0.6107850024511574,5.3999999999999995,1,proxy:v1-sales-heuristic-2026-09
automotive,3.78,18,0,1,0,1,0.7483808776853857,3.6,1,proxy:v1-sales-heuristic-2026-09
local service business,4.77,39,0,1,0,6,0.6866451565455444,1.7999999999999998,0,proxy:v1-sales-heuristic-2026-09
food & beverage,4.58,35,0,1,0,3,0.891720990159592,3.6,1,proxy:v1-sales-heuristic-2026-09
pets,3.27,16,0,1,0,1,0.5819904358597422,3.6,1,proxy:v1-sales-heuristic-2026-09
local service business,3.98,5,0,1,0,4,0.6589377255469252,2.0,0,proxy:v1-sales-heuristic-2026-09
food & beverage,4.24,28,0,1,0,2,0.8501757975964946,3.6,1,proxy:v1-sales-heuristic-2026-09
food & beverage,4.58,19,0,1,1,2,0.6816958464040977,3.6,1,proxy:v1-sales-heuristic-2026-09
health care,4.65,3,0,1,0,3,0.8656640739671884,3.0,0,proxy:v1-sales-heuristic-2026-09
health care,4.31,42,0,1,0,4,0.8089371529975893,3.6,1,proxy:v1-sales-heuristic-2026-09
food & beverage,4.47,70,0,1,1,1,0.5623426932167909,3.6,1,proxy:v1-sales-heuristic-2026-09
health care,4.19,395,0,1,1,1,0.7691533912187603,3.0,0,proxy:v1-sales-heuristic-2026-09
local service business,3.78,15,1,1,0,3,0.8702782984496129,5.6,0,proxy:v1-sales-heuristic-2026-09
home services,4.01,13,0,1,1,3,0.9747787482631783,3.6,1,proxy:v1-sales-heuristic-2026-09
beauty & personal care,4.16,7,1,1,0,4,0.7774877833898297,6.0,1,proxy:v1-sales-heuristic-2026-09
food & beverage,4.13,30,0,1,0,5,0.728340191796963,3.6,1,proxy:v1-sales-heuristic-2026-09
food & beverage,3.11,30,1,1,0,4,0.8268965748616455,5.8,1,proxy:v1-sales-heuristic-2026-09
automotive,3.93,10,0,1,1,1,0.6549573107901497,3.6,1,proxy:v1-sales-heuristic-2026-09
automotive,4.18,20,0,0,0,6,0.9778510657375299,2.4,0,proxy:v1-sales-heuristic-2026-09
pets,4.0,2,1,1,0,5,0.8032625222917263,6.0,1,proxy:v1-sales-heuristic-2026-09
food & beverage,4.01,67,0,1,0,1,0.6130298693349034,3.6,1,proxy:v1-sales-heuristic-2026-09
local service business,4.42,10,0,1,0,5,0.8023451803413988,2.6,0,proxy:v1-sales-heuristic-2026-09
beauty & personal care,3.56,23,0,1,0,6,0.7693127740767747,3.6,1,proxy:v1-sales-heuristic-2026-09
automotive,3.25,5,1,1,1,4,0.4858857758328613,6.0,1,proxy:v1-sales-heuristic-2026-09
legal services,3.96,12,0,1,0,5,0.9221263070001561,3.6,1,proxy:v1-sales-heuristic-2026-09
local service business,4.57,18,0,1,1,6,0.8049326134172934,2.6,0,proxy:v1-sales-heuristic-2026-09
beauty & personal care,5.0,24,0,0,0,6,0.8474139979239136,1.6,0,proxy:v1-sales-heuristic-2026-09
beauty & personal care,4.58,41,0,1,1,6,0.9908658248094553,3.6,1,proxy:v1-sales-heuristic-2026-09
beauty & personal care,3.34,119,0,1,0,2,0.8924500706658924,3.6,1,proxy:v1-sales-heuristic-2026-09
home services,4.02,1586,0,0,0,1,0.912559608098382,0.30000000000000004,0,proxy:v1-sales-heuristic-2026-09
home services,4.29,70,1,1,1,4,0.6760939148750157,6.6,1,proxy:v1-sales-heuristic-2026-09
beauty & personal care,4.25,120,0,1,0,5,0.8154523429668212,3.6,1,proxy:v1-sales-heuristic-2026-09
automotive,4.45,45,0,1,1,4,0.7182892432914492,3.6,1,proxy:v1-sales-heuristic-2026-09
home services,3.65,23,0,1,1,2,0.9265664547683234,3.6,1,proxy:v1-sales-heuristic-2026-09
local service business,4.19,74,1,0,0,6,0.9086960180157547,4.3999999999999995,0,proxy:v1-sales-heuristic-2026-09
fitness,4.38,79,0,1,0,3,0.3346100892917184,3.6,1,proxy:v1-sales-heuristic-2026-09
home services,4.6,50,0,1,1,5,0.9206771620347006,3.6,1,proxy:v1-sales-heuristic-2026-09
automotive,3.71,4,0,1,1,4,0.7710652074473162,3.0,0,proxy:v1-sales-heuristic-2026-09
beauty & personal care,3.96,9,0,1,1,6,0.7201069016910256,3.6,1,proxy:v1-sales-heuristic-2026-09
beauty & personal care,2.66,1440,0,1,0,5,0.5890405627708947,0.7000000000000002,0,proxy:v1-sales-heuristic-2026-09
legal services,3.81,57,0,1,0,4,0.5488597546657951,3.6,1,proxy:v1-sales-heuristic-2026-09
local service business,3.86,23,1,1,1,6,0.951968232165348,5.6,1,proxy:v1-sales-heuristic-2026-09
local service business,3.59,85,0,1,0,1,0.7413617228260385,2.6,0,proxy:v1-sales-heuristic-2026-09
local service business,4.24,104,0,1,0,5,0.7352279441407199,2.6,0,proxy:v1-sales-heuristic-2026-09
local service business,4.12,91,0,0,0,4,0.7575152626531496,1.4,0,proxy:v1-sales-heuristic-2026-09
local service business,2.91,92,0,1,1,5,0.9685469194128112,1.7999999999999998,0,proxy:v1-sales-heuristic-2026-09
automotive,4.27,7,1,1,0,2,0.9648495053935952,6.0,1,proxy:v1-sales-heuristic-2026-09
automotive,3.64,41,0,1,1,4,0.8140526359629241,3.6,1,proxy:v1-sales-heuristic-2026-09
food & beverage,4.42,12,0,1,1,2,0.5195385530335701,3.6,1,proxy:v1-sales-heuristic-2026-09
health care,3.44,3,0,1,0,1,0.42462141448185375,3.0,1,proxy:v1-sales-heuristic-2026-09
automotive,4.17,17,1,1,0,4,0.8110070216660455,6.6,1,proxy:v1-sales-heuristic-2026-09
local service business,3.99,105,0,1,1,1,0.7220706074511283,2.6,0,proxy:v1-sales-heuristic-2026-09
health care,4.32,40,0,1,0,1,0.7075830167999301,3.6,1,proxy:v1-sales-heuristic-2026-09
health care,4.22,225,0,1,0,4,0.5709772407121985,3.6,1,proxy:v1-sales-heuristic-2026-09
automotive,4.01,29,0,1,0,6,0.7195024605831247,3.6,1,proxy:v1-sales-heuristic-2026-09
beauty & personal care,3.31,362,1,1,0,5,0.5774706201138696,6.0,1,proxy:v1-sales-heuristic-2026-09
automotive,3.34,29,0,0,0,1,0.6545233621360261,2.4,0,proxy:v1-sales-heuristic-2026-09
local service business,3.83,25,1,1,0,1,0.565423054172106,5.6,1,proxy:v1-sales-heuristic-2026-09
health care,4.15,6,0,1,1,3,0.7483289615363792,3.0,0,proxy:v1-sales-heuristic-2026-09
legal services,3.82,83,0,1,0,3,0.4137191628087418,3.6,1,proxy:v1-sales-heuristic-2026-09
beauty & personal care,4.49,14,0,1,1,1,0.5669121560486362,3.6,1,proxy:v1-sales-heuristic-2026-09
food & beverage,4.0,12,1,1,0,2,0.5133203430720039,6.6,1,proxy:v1-sales-heuristic-2026-09
food & beverage,3.62,100,1,1,1,1,0.9818432363603291,6.6,1,proxy:v1-sales-heuristic-2026-09
legal services,4.0,87,0,1,0,4,0.8659817105009422,3.6,1,proxy:v1-sales-heuristic-2026-09
local service business,4.27,85,1,1,0,4,0.3602938045126805,5.6,1,proxy:v1-sales-heuristic-2026-09
beauty & personal care,4.33,16,1,1,1,3,0.9243667037142248,6.6,1,proxy:v1-sales-heuristic-2026-09
local service business,5.0,23,1,1,1,4,0.9735687222505991,4.8,1,proxy:v1-sales-heuristic-2026-09
automotive,3.78,22,0,1,1,2,0.7451962060437087,3.6,1,proxy:v1-sales-heuristic-2026-09
local service business,4.11,58,1,1,0,6,0.7270579722159177,5.6,1,proxy:v1-sales-heuristic-2026-09
automotive,4.38,135,1,1,1,1,0.8848363812823568,6.6,1,proxy:v1-sales-heuristic-2026-09
beauty & personal care,4.14,36,0,1,0,4,0.6393435166087632,3.6,1,proxy:v1-sales-heuristic-2026-09
local service business,3.87,215,0,1,0,2,0.9754561585596649,1.8,0,proxy:v1-sales-heuristic-2026-09
automotive,3.3,65,1,0,0,3,0.9815008141880384,5.3999999999999995,1,proxy:v1-sales-heuristic-2026-09
food & beverage,3.87,18,1,1,0,4,0.8577331796471905,6.6,1,proxy:v1-sales-heuristic-2026-09
home services,3.56,2014,0,1,1,4,0.9286175299977455,1.5,0,proxy:v1-sales-heuristic-2026-09
beauty & personal care,3.2,160,0,1,0,6,0.6040295976199404,3.6,1,proxy:v1-sales-heuristic-2026-09
pets,3.71,220,1,1,0,4,0.8757414645723085,6.6,1,proxy:v1-sales-heuristic-2026-09
local service business,3.57,90,0,1,0,2,0.8586482202513754,2.6,0,proxy:v1-sales-heuristic-2026-09
local service business,4.47,25,1,1,0,4,0.7148713587412929,5.6,1,proxy:v1-sales-heuristic-2026-09
food & beverage,4.48,19,0,1,1,4,0.678896282741854,3.6,1,proxy:v1-sales-heuristic-2026-09
home services,3.65,46,0,1,0,6,0.5064176825607095,3.6,1,proxy:v1-sales-heuristic-2026-09
beauty & personal care,4.01,829,1,1,0,4,0.9339325336495027,4.5,1,proxy:v1-sales-heuristic-2026-09
beauty & personal care,3.13,39,1,1,1,6,0.7215627032147246,5.8,1,proxy:v1-sales-heuristic-2026-09
automotive,3.88,40,1,1,1,4,0.9412920956115985,6.6,1,proxy:v1-sales-heuristic-2026-09
local service business,4.37,25,1,1,1,4,0.6499545205532518,5.6,1,proxy:v1-sales-heuristic-2026-09
local service business,4.6,17,0,1,0,2,0.8015248899619718,2.6,0,proxy:v1-sales-heuristic-2026-09
local service business,3.76,20,0,1,1,2,0.8281356723769654,2.6,1,proxy:v1-sales-heuristic-2026-09
home services,4.73,28,1,1,0,1,0.8814171335654778,5.8,1,proxy:v1-sales-heuristic-2026-09
home services,3.32,162,1,0,0,4,0.5035687407106851,5.3999999999999995,1,proxy:v1-sales-heuristic-2026-09
home services,3.46,2892,0,1,1,6,0.8025458029302774,1.5,0,proxy:v1-sales-heuristic-2026-09
home services,4.54,25,0,1,1,1,0.8860310129077051,3.6,1,proxy:v1-sales-heuristic-2026-09
home services,5.0,9,0,1,1,6,0.8583553867827297,2.8000000000000003,0,proxy:v1-sales-heuristic-2026-09
automotive,4.42,53,0,0,0,6,0.5400516370751611,2.4,0,proxy:v1-sales-heuristic-2026-09
automotive,4.13,110,0,0,0,3,0.5332139405515276,2.4,0,proxy:v1-sales-heuristic-2026-09
local service business,2.94,146,0,1,0,2,0.7386049758838281,1.7999999999999998,0,proxy:v1-sales-heuristic-2026-09
home services,3.04,30,0,1,0,4,0.7515724571086885,2.8000000000000003,0,proxy:v1-sales-heuristic-2026-09
local service business,4.22,46,0,1,0,6,0.8441959119182072,2.6,0,proxy:v1-sales-heuristic-2026-09
automotive,3.95,20,0,1,1,1,0.8331569545731494,3.6,1,proxy:v1-sales-heuristic-2026-09
health care,3.54,43,0,0,0,3,0.7793018872351822,2.4,0,proxy:v1-sales-heuristic-2026-09
beauty & personal care,4.19,1809,1,1,0,1,0.7181243478766671,4.5,1,proxy:v1-sales-heuristic-2026-09
beauty & personal care,4.21,26,0,1,0,4,0.9161758808910541,3.6,1,proxy:v1-sales-heuristic-2026-09
automotive,4.67,28,0,0,1,1,0.6289301519340464,2.4,0,proxy:v1-sales-heuristic-2026-09
automotive,4.23,40,1,1,1,2,0.8610516994209735,6.6,0,proxy:v1-sales-heuristic-2026-09
local service business,4.83,17,0,1,0,5,0.9720003529408595,1.7999999999999998,0,proxy:v1-sales-heuristic-2026-09
food & beverage,4.15,18,0,1,0,5,0.7873007630344175,3.6,1,proxy:v1-sales-heuristic-2026-09
health care,4.09,160,0,1,1,2,0.8174358179522021,3.6,1,proxy:v1-sales-heuristic-2026-09
home services,4.74,483,0,1,1,4,0.45440756426645723,2.2,0,proxy:v1-sales-heuristic-2026-09
food & beverage,3.61,6,0,1,0,2,0.4842223850294403,3.0,0,proxy:v1-sales-heuristic-2026-09
home services,5.0,6,0,1,0,4,0.8196612584265677,2.2,0,proxy:v1-sales-heuristic-2026-09
beauty & personal care,4.36,8,1,1,0,1,0.9891504581300755,6.6,1,proxy:v1-sales-heuristic-2026-09
local service business,4.36,21,0,1,1,5,0.3751115490999881,2.6,0,proxy:v1-sales-heuristic-2026-09
local service business,4.44,65,0,1,1,1,0.8484764795974048,2.6,0,proxy:v1-sales-heuristic-2026-09
legal services,5.0,47,0,1,0,4,0.7693567724627624,2.8000000000000003,0,proxy:v1-sales-heuristic-2026-09
home services,4.59,29,0,1,0,3,0.8357869472248809,3.6,1,proxy:v1-sales-heuristic-2026-09
automotive,3.27,43,1,1,1,2,0.8116199086457621,6.6,1,proxy:v1-sales-heuristic-2026-09
local service business,4.92,11,1,1,0,4,0.8366148985793304,4.8,1,proxy:v1-sales-heuristic-2026-09
food & beverage,3.96,18,1,1,0,1,0.5806504991083824,6.6,1,proxy:v1-sales-heuristic-2026-09
automotive,4.21,23,1,1,0,4,0.5689304250188643,6.6,1,proxy:v1-sales-heuristic-2026-09
food & beverage,3.45,4,0,1,1,4,0.5769769612009444,3.0,0,proxy:v1-sales-heuristic-2026-09
local service business,4.44,6,1,1,0,3,0.8846210662039287,5.0,1,proxy:v1-sales-heuristic-2026-09
fitness,3.79,7,0,1,0,3,0.6400716458902754,3.0,0,proxy:v1-sales-heuristic-2026-09
legal services,4.21,56,1,1,0,3,0.7877479851544397,6.6,1,proxy:v1-sales-heuristic-2026-09
local service business,3.99,32,1,0,1,6,0.8934939563276201,4.3999999999999995,1,proxy:v1-sales-heuristic-2026-09
beauty & personal care,5.0,1521,1,1,1,5,0.9535820816462165,2.7,0,proxy:v1-sales-heuristic-2026-09
local service business,5.0,3,0,1,1,1,0.7706457975471853,1.2,0,proxy:v1-sales-heuristic-2026-09
home services,4.18,4,1,1,0,2,0.6967196703730718,6.0,1,proxy:v1-sales-heuristic-2026-09
fitness,4.19,50,0,1,0,1,0.8254420138050254,3.6,1,proxy:v1-sales-heuristic-2026-09
automotive,3.94,1,1,1,1,2,0.9968130416047529,6.0,1,proxy:v1-sales-heuristic-2026-09
local service business,4.76,94,0,1,0,5,0.7680246156163809,1.7999999999999998,0,proxy:v1-sales-heuristic-2026-09
beauty & personal care,3.97,3,1,1,1,6,0.9448119680246102,6.0,1,proxy:v1-sales-heuristic-2026-09
automotive,3.92,3228,0,1,0,3,0.7157271828001136,1.5,0,proxy:v1-sales-heuristic-2026-09
home services,4.69,9,1,0,0,5,0.7014916399952635,5.3999999999999995,1,proxy:v1-sales-heuristic-2026-09
automotive,3.85,77,1,1,0,3,0.8231414508805848,6.6,1,proxy:v1-sales-heuristic-2026-09
automotive,4.13,836,1,1,0,3,0.8586017890858648,4.5,1,proxy:v1-sales-heuristic-2026-09
fitness,3.28,2,0,1,0,5,0.9874525047927244,3.0,0,proxy:v1-sales-heuristic-2026-09
food & beverage,4.54,52,0,1,1,2,0.8320850107443901,3.6,1,proxy:v1-sales-heuristic-2026-09
local service business,5.0,3,0,0,0,2,0.9626485120869352,0.0,0,proxy:v1-sales-heuristic-2026-09
food & beverage,4.55,2759,0,1,1,1,0.781587402328978,1.5,0,proxy:v1-sales-heuristic-2026-09
pets,4.95,19,0,1,1,2,0.6543941797057665,2.8000000000000003,0,proxy:v1-sales-heuristic-2026-09
home services,3.68,28,1,1,0,1,0.7985658098550128,6.6,1,proxy:v1-sales-heuristic-2026-09
fitness,4.28,996,1,1,0,5,0.8244376365262883,4.5,1,proxy:v1-sales-heuristic-2026-09
health care,3.63,57,0,1,0,6,0.8468646881232308,3.6,1,proxy:v1-sales-heuristic-2026-09
home services,4.02,4,1,1,1,3,0.7484702724448036,6.0,1,proxy:v1-sales-heuristic-2026-09
local service business,4.57,96,0,1,1,4,0.41286406527982156,2.6,0,proxy:v1-sales-heuristic-2026-09
food & beverage,4.21,15,0,1,1,2,0.7092217830172818,3.6,0,proxy:v1-sales-heuristic-2026-09
automotive,3.37,5,0,1,0,1,0.9092599090675865,3.0,0,proxy:v1-sales-heuristic-2026-09
fitness,3.43,141,0,1,0,4,0.9408440412739859,3.6,1,proxy:v1-sales-heuristic-2026-09
local service business,3.39,22,0,1,0,1,0.5950453814131923,2.6,0,proxy:v1-sales-heuristic-2026-09
automotive,4.42,200,1,1,0,6,0.8802121927521745,6.6,1,proxy:v1-sales-heuristic-2026-09
home services,5.0,94,1,1,0,2,0.8515633607378845,5.8,1,proxy:v1-sales-heuristic-2026-09
local service business,4.9,10,1,1,1,5,0.6667560969989709,4.8,1,proxy:v1-sales-heuristic-2026-09
legal services,3.11,22,0,1,0,2,0.6624133774528316,2.8000000000000003,1,proxy:v1-sales-heuristic-2026-09
local service business,4.93,28,0,1,0,1,0.6672156176747203,1.7999999999999998,0,proxy:v1-sales-heuristic-2026-09
home services,4.67,131,0,1,0,4,0.5723975893162595,3.6,1,proxy:v1-sales-heuristic-2026-09
fitness,3.3,39,0,0,0,2,0.5120061055149282,2.4,0,proxy:v1-sales-heuristic-2026-09
food & beverage,3.98,29,0,1,1,3,0.7418197871585598,3.6,1,proxy:v1-sales-heuristic-2026-09
local service business,4.75,19,0,1,1,2,0.8248391140043063,1.7999999999999998,0,proxy:v1-sales-heuristic-2026-09
food & beverage,4.45,23,1,1,0,6,0.865240618843398,6.6,1,proxy:v1-sales-heuristic-2026-09
legal services,3.43,103,0,1,0,4,0.7298311295183213,3.6,1,proxy:v1-sales-heuristic-2026-09
food & beverage,4.49,24,1,1,0,5,0.8392248143168571,6.6,1,proxy:v1-sales-heuristic-2026-09
health care,2.97,15,0,1,0,4,0.8878845793984029,2.8000000000000003,0,proxy:v1-sales-heuristic-2026-09
pets,4.03,13,0,0,1,6,0.7391909813615031,2.4,0,proxy:v1-sales-heuristic-2026-09
home services,4.78,13,0,1,0,3,0.8793983742246687,2.8000000000000003,0,proxy:v1-sales-heuristic-2026-09
local service business,4.16,5,0,1,0,6,0.7461869619841424,2.0,0,proxy:v1-sales-heuristic-2026-09
food & beverage,3.88,10,0,1,1,6,0.818442830120779,3.6,1,proxy:v1-sales-heuristic-2026-09
fitness,4.64,127,0,1,0,6,0.7820046581527141,3.6,1,proxy:v1-sales-heuristic-2026-09
food & beverage,4.69,19,0,1,0,5,0.9158414514641116,3.6,1,proxy:v1-sales-heuristic-2026-09
food & beverage,4.87,53,0,0,1,6,0.9411546119990362,1.6,1,proxy:v1-sales-heuristic-2026-09
home services,4.63,1,0,1,1,5,0.9444558115930675,3.0,0,proxy:v1-sales-heuristic-2026-09
automotive,4.74,45,0,1,0,2,0.91155161377553,2.8000000000000003,0,proxy:v1-sales-heuristic-2026-09
automotive,4.55,20,0,1,0,1,0.7140147203471763,3.6,1,proxy:v1-sales-heuristic-2026-09
fitness,4.3,14,1,1,0,2,0.9258612503321544,6.6,1,proxy:v1-sales-heuristic-2026-09
fitness,4.2,29,0,1,1,4,0.7490075222892936,3.6,1,proxy:v1-sales-heuristic-2026-09
fitness,4.02,14,1,0,1,1,0.9831920827139925,5.3999999999999995,1,proxy:v1-sales-heuristic-2026-09
automotive,3.48,2,0,1,0,2,0.7956409948834172,3.0,0,proxy:v1-sales-heuristic-2026-09
food & beverage,3.62,67,0,1,1,4,0.9009967018920031,3.6,1,proxy:v1-sales-heuristic-2026-09
beauty & personal care,3.99,32,0,1,1,2,0.5177554473939316,3.6,1,proxy:v1-sales-heuristic-2026-09
local service business,4.28,17,0,1,0,5,0.9039865617432589,2.6,0,proxy:v1-sales-heuristic-2026-09
local service business,4.94,8,0,0,1,6,0.7779562944845893,0.6,0,proxy:v1-sales-heuristic-2026-09
beauty & personal care,4.13,4,0,1,0,1,0.9397841580216109,3.0,0,proxy:v1-sales-heuristic-2026-09
fitness,4.7,31,0,1,0,4,0.6813253106237044,3.6,1,proxy:v1-sales-heuristic-2026-09
automotive,4.74,144,0,1,0,5,0.7778880606762466,2.8000000000000003,0,proxy:v1-sales-heuristic-2026-09
beauty & personal care,4.02,30,1,1,0,1,0.8791477351087099,6.6,1,proxy:v1-sales-heuristic-2026-09
automotive,4.48,5,1,1,1,5,0.7794148802905702,6.0,1,proxy:v1-sales-heuristic-2026-09
beauty & personal care,4.02,31,0,1,0,4,0.6066042038079076,3.6,1,proxy:v1-sales-heuristic-2026-09
fitness,4.88,23,0,1,0,4,0.7824696500636709,2.8000000000000003,0,proxy:v1-sales-heuristic-2026-09
local service business,4.5,1024,1,1,1,1,0.8570828224642112,3.5,1,proxy:v1-sales-heuristic-2026-09
beauty & personal care,3.5,47,1,1,0,3,0.8835959231702134,6.6,1,proxy:v1-sales-heuristic-2026-09
health care,4.24,0,0,1,1,3,0.9115151815488783,3.0,0,proxy:v1-sales-heuristic-2026-09
pets,5.0,44,0,1,1,1,0.6335236637724715,2.8000000000000003,0,proxy:v1-sales-heuristic-2026-09
local service business,4.05,606,0,1,0,5,0.9564736998479773,1.2,0,proxy:v1-sales-heuristic-2026-09
health care,4.4,2226,1,1,0,4,0.7776124011623868,4.5,1,proxy:v1-sales-heuristic-2026-09
beauty & personal care,4.45,19,1,1,1,6,0.5368700364266633,6.6,1,proxy:v1-sales-heuristic-2026-09
fitness,3.58,38,0,1,1,1,0.8877309628496134,3.6,1,proxy:v1-sales-heuristic-2026-09
food & beverage,4.43,4,1,1,1,5,0.6860177381935376,6.0,1,proxy:v1-sales-heuristic-2026-09
local service business,3.38,53,1,1,0,4,0.926725077528685,5.6,1,proxy:v1-sales-heuristic-2026-09
food & beverage,3.81,56,0,1,0,4,0.8648560491546209,3.6,1,proxy:v1-sales-heuristic-2026-09
pets,4.74,25,0,1,1,2,0.9432021761236274,2.8000000000000003,0,proxy:v1-sales-heuristic-2026-09
automotive,4.35,9,1,1,0,5,0.8548929716640149,6.6,1,proxy:v1-sales-heuristic-2026-09
food & beverage,3.98,8,0,1,0,2,0.9402246300491139,3.6,1,proxy:v1-sales-heuristic-2026-09
local service business,4.4,75,0,1,0,5,0.6305193574197704,2.6,0,proxy:v1-sales-heuristic-2026-09
health care,4.12,4,1,1,0,3,0.8632099134104342,6.0,1,proxy:v1-sales-heuristic-2026-09
home services,4.16,79,0,1,0,3,0.9438760377620161,3.6,1,proxy:v1-sales-heuristic-2026-09
local service business,4.51,20,0,1,0,4,0.637633023519402,2.6,0,proxy:v1-sales-heuristic-2026-09
local service business,3.75,22,0,1,0,1,0.9441174639885452,2.6,0,proxy:v1-sales-heuristic-2026-09
food & beverage,4.17,1628,0,1,1,3,0.629267668086074,1.5,0,proxy:v1-sales-heuristic-2026-09
health care,3.98,1687,0,1,1,2,0.6064328570016018,1.5,0,proxy:v1-sales-heuristic-2026-09
home services,3.28,48,0,1,1,6,0.9321913347206354,3.6,1,proxy:v1-sales-heuristic-2026-09
fitness,3.64,5,0,1,0,3,0.9053491734981051,3.0,0,proxy:v1-sales-heuristic-2026-09
food & beverage,5.0,42,0,1,1,1,0.86565750616543,2.8000000000000003,0,proxy:v1-sales-heuristic-2026-09
beauty & personal care,4.36,27,1,1,0,1,0.25072267814302585,6.6,1,proxy:v1-sales-heuristic-2026-09
local service business,3.42,12,0,1,1,6,0.9610020280864939,2.6,0,proxy:v1-sales-heuristic-2026-09
local service business,3.3,2077,0,1,0,1,0.9871372113783959,-0.30000000000000004,0,proxy:v1-sales-heuristic-2026-09
local service business,4.09,2163,0,1,1,1,0.6468852050240838,-0.30000000000000004,0,proxy:v1-sales-heuristic-2026-09
local service business,5.0,35,0,1,0,2,0.6730566244759961,1.7999999999999998,0,proxy:v1-sales-heuristic-2026-09
legal services,4.05,602,0,0,0,2,0.8856923043290472,1.8,0,proxy:v1-sales-heuristic-2026-09
legal services,4.87,119,0,1,0,1,0.9034602808508221,2.8000000000000003,0,proxy:v1-sales-heuristic-2026-09
legal services,4.34,912,0,1,0,6,0.7120349951735636,1.5,0,proxy:v1-sales-heuristic-2026-09
home services,4.41,17,0,1,0,1,0.9150263947426277,3.6,1,proxy:v1-sales-heuristic-2026-09
home services,3.42,12,0,1,0,5,0.8731906013352861,3.6,1,proxy:v1-sales-heuristic-2026-09
beauty & personal care,4.67,17,0,0,0,6,0.84668518583869,2.4,0,proxy:v1-sales-heuristic-2026-09
fitness,3.97,44,0,1,0,4,0.9533038909167889,3.6,1,proxy:v1-sales-heuristic-2026-09
beauty & personal care,4.62,10,0,1,0,1,0.9186716993271491,3.6,0,proxy:v1-sales-heuristic-2026-09
beauty & personal care,3.7,56,0,1,0,5,0.5841684614765726,3.6,1,proxy:v1-sales-heuristic-2026-09
health care,4.25,256,0,1,0,2,0.8854989055758259,3.0,0,proxy:v1-sales-heuristic-2026-09
food & beverage,4.34,22,0,1,0,3,0.7800266217931805,3.6,1,proxy:v1-sales-heuristic-2026-09
beauty & personal care,4.07,5,1,1,0,2,0.6063115588736073,6.0,1,proxy:v1-sales-heuristic-2026-09
local service business,4.37,5,0,1,0,5,0.7947285340173031,2.0,0,proxy:v1-sales-heuristic-2026-09
local service business,4.0,57,0,1,1,4,0.47388156474549514,2.6,0,proxy:v1-sales-heuristic-2026-09
automotive,3.79,22,0,1,1,1,0.8164825464715912,3.6,1,proxy:v1-sales-heuristic-2026-09
automotive,5.0,64,0,1,0,3,0.8642123956588551,2.8000000000000003,0,proxy:v1-sales-heuristic-2026-09
food & beverage,4.73,13,1,1,0,5,0.618010139189976,5.8,1,proxy:v1-sales-heuristic-2026-09
local service business,3.73,61,1,1,0,6,0.7673662258505438,5.6,1,proxy:v1-sales-heuristic-2026-09
local service business,4.46,20,0,1,0,6,0.698203887590242,2.6,0,proxy:v1-sales-heuristic-2026-09
automotive,3.74,10,0,0,0,1,0.789227788248527,2.4,0,proxy:v1-sales-heuristic-2026-09
local service business,3.5,15,1,1,1,6,0.7048338758017215,5.6,1,proxy:v1-sales-heuristic-2026-09
automotive,4.72,6,0,1,0,4,0.6349460890477517,2.2,0,proxy:v1-sales-heuristic-2026-09
food & beverage,3.21,218,0,1,1,5,0.8234601857206469,3.6,1,proxy:v1-sales-heuristic-2026-09
local service business,4.66,2888,0,1,0,3,0.5254559703815732,-0.30000000000000004,0,proxy:v1-sales-heuristic-2026-09
beauty & personal care,4.01,49,0,1,0,4,0.7746303815529869,3.6,1,proxy:v1-sales-heuristic-2026-09
automotive,4.03,13,1,1,1,2,0.7184384306085717,6.6,0,proxy:v1-sales-heuristic-2026-09
home services,4.38,7,0,1,0,4,0.9922766419032512,3.0,0,proxy:v1-sales-heuristic-2026-09
health care,4.47,18,1,1,0,2,0.8175485309768882,6.6,1,proxy:v1-sales-heuristic-2026-09
local service business,3.7,82,0,1,1,3,0.19000964267547518,2.6,0,proxy:v1-sales-heuristic-2026-09
local service business,4.54,13,0,1,0,3,0.8872943334605181,2.6,0,proxy:v1-sales-heuristic-2026-09
automotive,4.21,9,1,1,0,6,0.7383662248221757,6.6,1,proxy:v1-sales-heuristic-2026-09
automotive,3.46,29,0,1,0,4,0.8344807021638463,3.6,1,proxy:v1-sales-heuristic-2026-09
local service business,4.06,42,0,1,1,4,0.6448581889576461,2.6,0,proxy:v1-sales-heuristic-2026-09
beauty & personal care,4.91,149,0,1,1,2,0.598406796450293,2.8000000000000003,0,proxy:v1-sales-heuristic-2026-09
local service business,5.0,36,0,1,0,3,0.8611890636770112,1.7999999999999998,0,proxy:v1-sales-heuristic-2026-09
fitness,4.54,49,0,1,1,3,0.9477267768581575,3.6,1,proxy:v1-sales-heuristic-2026-09
automotive,3.5,54,0,1,1,5,0.6572395355593235,3.6,1,proxy:v1-sales-heuristic-2026-09
local service business,4.42,6,1,1,0,2,0.9719708533623664,5.0,1,proxy:v1-sales-heuristic-2026-09
automotive,4.62,8,1,1,0,1,0.9799517311654159,6.6,1,proxy:v1-sales-heuristic-2026-09
home services,4.55,7,0,1,0,4,0.75463941202598,3.0,0,proxy:v1-sales-heuristic-2026-09
health care,4.58,5,0,1,0,5,0.7025871112186036,3.0,0,proxy:v1-sales-heuristic-2026-09
home services,4.35,58,0,1,1,5,0.86813539342341,3.6,1,proxy:v1-sales-heuristic-2026-09
pets,4.11,33,1,1,1,5,0.4476336659386854,6.6,1,proxy:v1-sales-heuristic-2026-09
fitness,3.82,26,0,1,0,3,0.8265502446727878,3.6,1,proxy:v1-sales-heuristic-2026-09
local service business,3.11,1,1,1,0,2,0.7994852206680715,4.2,1,proxy:v1-sales-heuristic-2026-09
local service business,4.34,235,0,1,1,4,0.9956351187489555,1.8,0,proxy:v1-sales-heuristic-2026-09
home services,4.25,9,1,1,0,1,0.9293123512761641,6.6,1,proxy:v1-sales-heuristic-2026-09
automotive,4.46,234,0,1,1,6,0.7961153584645431,3.6,1,proxy:v1-sales-heuristic-2026-09
pets,3.41,4,0,1,0,5,0.5974423715205299,3.0,0,proxy:v1-sales-heuristic-2026-09
local service business,4.5,10,0,1,0,4,0.7837111265149037,2.6,0,proxy:v1-sales-heuristic-2026-09
food & beverage,5.0,2,1,1,0,2,0.6678879716300495,5.2,1,proxy:v1-sales-heuristic-2026-09
home services,4.19,36,0,1,1,2,0.7746896694731128,3.6,1,proxy:v1-sales-heuristic-2026-09
home services,4.12,7,1,1,1,6,0.5249419851083927,6.0,1,proxy:v1-sales-heuristic-2026-09
automotive,4.32,7,1,1,0,1,0.8672304764500549,6.0,1,proxy:v1-sales-heuristic-2026-09
fitness,5.0,5,0,1,0,1,0.8702901189147301,2.2,0,proxy:v1-sales-heuristic-2026-09
food & beverage,3.59,57,1,1,0,3,0.957764769345559,6.6,1,proxy:v1-sales-heuristic-2026-09
local service business,4.26,53,1,1,1,2,0.9660922621903847,5.6,1,proxy:v1-sales-heuristic-2026-09
local service business,3.71,180,0,1,0,5,0.7061703640556363,2.6,0,proxy:v1-sales-heuristic-2026-09
local service business,3.85,11,1,1,1,1,0.5627757970194267,5.6,1,proxy:v1-sales-heuristic-2026-09
food & beverage,4.12,31,0,1,1,5,0.7728125454957083,3.6,1,proxy:v1-sales-heuristic-2026-09
food & beverage,4.89,5,0,1,1,5,0.883737558132355,2.2,0,proxy:v1-sales-heuristic-2026-09
legal services,5.0,16,1,1,1,2,0.43461218546106145,5.8,1,proxy:v1-sales-heuristic-2026-09
local service business,4.4,13,1,1,1,4,0.5847871695650425,5.6,1,proxy:v1-sales-heuristic-2026-09
home services,3.94,40,0,0,1,5,0.44160372221747146,2.4,0,proxy:v1-sales-heuristic-2026-09
local service business,5.0,75,0,1,0,6,0.7750644752492339,1.7999999999999998,1,proxy:v1-sales-heuristic-2026-09
automotive,3.91,72,0,1,0,5,0.8572559011225714,3.6,1,proxy:v1-sales-heuristic-2026-09
local service business,3.84,9,0,1,0,6,0.8949349574226151,2.6,1,proxy:v1-sales-heuristic-2026-09
automotive,3.17,73,0,1,1,1,0.9193971557662886,2.8000000000000003,0,proxy:v1-sales-heuristic-2026-09
automotive,4.92,23,0,1,0,4,0.8274228320979946,2.8000000000000003,0,proxy:v1-sales-heuristic-2026-09
home services,4.68,17,1,1,1,5,0.8345385297418761,6.6,1,proxy:v1-sales-heuristic-2026-09
automotive,5.0,11,0,0,1,2,0.9123716680289287,1.6,0,proxy:v1-sales-heuristic-2026-09
automotive,3.39,13,0,1,0,2,0.3640996293318439,3.6,1,proxy:v1-sales-heuristic-2026-09
automotive,4.95,166,0,1,0,1,0.4743758161608755,2.8000000000000003,0,proxy:v1-sales-heuristic-2026-09
home services,4.19,34,1,1,0,6,0.8661092105942239,6.6,1,proxy:v1-sales-heuristic-2026-09
local service business,4.59,29,0,1,0,6,0.7754520495936029,2.6,0,proxy:v1-sales-heuristic-2026-09
automotive,3.24,18,1,1,1,1,0.5298184431210284,6.6,1,proxy:v1-sales-heuristic-2026-09
fitness,4.96,361,0,1,1,2,0.5447124061999005,2.2,0,proxy:v1-sales-heuristic-2026-09
local service business,4.58,103,1,1,0,3,0.897402772053134,5.6,1,proxy:v1-sales-heuristic-2026-09
automotive,4.13,11,1,1,1,6,0.8716829654310766,6.6,1,proxy:v1-sales-heuristic-2026-09
automotive,4.5,18,0,1,1,5,0.9303362211483753,3.6,1,proxy:v1-sales-heuristic-2026-09
local service business,3.73,19,0,1,1,6,0.9033370638726068,2.6,0,proxy:v1-sales-heuristic-2026-09
local service business,3.83,28,0,1,0,5,0.6572415371943773,2.6,0,proxy:v1-sales-heuristic-2026-09
home services,3.9,11,1,1,1,4,0.7055532382828986,6.6,1,proxy:v1-sales-heuristic-2026-09
local service business,3.13,39,0,1,1,2,0.6664202143974047,1.7999999999999998,0,proxy:v1-sales-heuristic-2026-09
automotive,4.62,121,1,1,0,4,0.8806269498053383,6.6,1,proxy:v1-sales-heuristic-2026-09
food & beverage,4.81,5,0,1,0,3,0.23212846844911914,2.2,0,proxy:v1-sales-heuristic-2026-09
legal services,3.76,7,0,1,0,6,0.8547509054032776,3.0,0,proxy:v1-sales-heuristic-2026-09
beauty & personal care,4.34,14,0,1,0,3,0.9155011650383457,3.6,1,proxy:v1-sales-heuristic-2026-09
legal services,4.0,15,0,1,1,5,0.9148943663325314,3.6,1,proxy:v1-sales-heuristic-2026-09
home services,4.33,3365,1,1,0,2,0.7358159042491527,4.5,1,proxy:v1-sales-heuristic-2026-09
legal services,3.8,73,0,1,1,5,0.5653463098843703,3.6,1,proxy:v1-sales-heuristic-2026-09
home services,3.66,69,1,1,0,3,0.619335189437081,6.6,1,proxy:v1-sales-heuristic-2026-09
food & beverage,4.73,18,0,0,1,3,0.8607459280882024,1.6,0,proxy:v1-sales-heuristic-2026-09
beauty & personal care,4.11,17,0,1,0,5,0.7010230062887104,3.6,1,proxy:v1-sales-heuristic-2026-09
beauty & personal care,5.0,4,0,1,0,3,0.5850585708975113,2.2,0,proxy:v1-sales-heuristic-2026-09
legal services,4.18,57,0,1,1,1,0.9659435205041044,3.6,1,proxy:v1-sales-heuristic-2026-09
automotive,3.64,42,0,1,0,3,0.9436141516546567,3.6,1,proxy:v1-sales-heuristic-2026-09
automotive,4.82,100,0,1,0,6,0.7194817080468037,2.8000000000000003,0,proxy:v1-sales-heuristic-2026-09
automotive,4.5,19,0,0,1,6,0.8539820064612887,2.4,0,proxy:v1-sales-heuristic-2026-09
automotive,4.55,20,0,1,0,4,0.7158850144267499,3.6,1,proxy:v1-sales-heuristic-2026-09
local service business,4.8,29,0,1,1,4,0.9358478369159341,1.7999999999999998,0,proxy:v1-sales-heuristic-2026-09
food & beverage,3.79,65,1,1,0,2,0.7514534580144835,6.6,1,proxy:v1-sales-heuristic-2026-09
local service business,4.08,4,0,1,0,5,0.8841549591900608,2.0,0,proxy:v1-sales-heuristic-2026-09
automotive,4.06,55,0,1,0,4,0.533717834354483,3.6,1,proxy:v1-sales-heuristic-2026-09
fitness,3.44,23,0,1,0,1,0.9115072073664082,3.6,1,proxy:v1-sales-heuristic-2026-09
home services,4.01,7,1,1,0,6,0.782586422418635,6.0,1,proxy:v1-sales-heuristic-2026-09
food & beverage,4.89,2,1,1,0,6,0.6210528962537575,5.2,1,proxy:v1-sales-heuristic-2026-09
local service business,4.28,21,0,0,0,1,0.8152620205059248,1.4,0,proxy:v1-sales-heuristic-2026-09
local service business,3.41,120,0,1,0,3,0.41061058939720946,2.6,0,proxy:v1-sales-heuristic-2026-09
local service business,3.29,154,0,1,0,5,0.8901647799618398,2.6,0,proxy:v1-sales-heuristic-2026-09
beauty & personal care,5.0,36,0,1,1,5,0.9305382669556606,2.8000000000000003,0,proxy:v1-sales-heuristic-2026-09
beauty & personal care,4.1,212,0,0,1,2,0.797845025355719,2.4,0,proxy:v1-sales-heuristic-2026-09
fitness,3.79,23,1,1,0,1,0.8335369365124831,6.6,1,proxy:v1-sales-heuristic-2026-09
beauty & personal care,4.0,70,1,1,0,6,0.7989821874211755,6.6,1,proxy:v1-sales-heuristic-2026-09
legal services,3.34,14,1,1,1,6,0.9168536004916508,6.6,1,proxy:v1-sales-heuristic-2026-09
health care,4.93,13,0,1,0,5,0.9006811120210735,2.8000000000000003,0,proxy:v1-sales-heuristic-2026-09
health care,3.93,11,0,1,1,4,0.8843489047524393,3.6,1,proxy:v1-sales-heuristic-2026-09
local service business,4.9,2,0,1,0,5,0.8035775910984492,1.2,0,proxy:v1-sales-heuristic-2026-09
pets,4.18,101,0,1,0,3,0.6579035123650868,3.6,1,proxy:v1-sales-heuristic-2026-09
automotive,4.94,12,0,0,0,5,0.9577205591414978,1.6,0,proxy:v1-sales-heuristic-2026-09
automotive,4.29,10,0,1,0,2,0.7624882506650146,3.6,1,proxy:v1-sales-heuristic-2026-09
health care,4.62,6,0,1,0,1,0.6993313095571435,3.0,0,proxy:v1-sales-heuristic-2026-09
home services,4.55,19,0,1,1,2,0.7530469822064307,3.6,1,proxy:v1-sales-heuristic-2026-09
beauty & personal care,4.49,170,0,1,0,2,0.7428119141881887,3.6,1,proxy:v1-sales-heuristic-2026-09
food & beverage,4.34,245,1,1,1,2,0.7398414064524279,6.6,1,proxy:v1-sales-heuristic-2026-09
legal services,4.02,3,0,1,0,3,0.4822407020008274,3.0,0,proxy:v1-sales-heuristic-2026-09
local service business,5.0,16,1,1,0,1,0.7133861623996037,4.8,0,proxy:v1-sales-heuristic-2026-09
health care,3.65,7,1,1,1,3,0.9333718841775969,6.0,1,proxy:v1-sales-heuristic-2026-09
food & beverage,4.15,72,0,1,1,3,0.8097641979028533,3.6,1,proxy:v1-sales-heuristic-2026-09
beauty & personal care,4.16,33,0,1,0,2,0.7038688732333808,3.6,1,proxy:v1-sales-heuristic-2026-09
home services,4.37,12,1,1,0,3,0.387355933966698,6.6,1,proxy:v1-sales-heuristic-2026-09
food & beverage,3.91,26,1,1,1,5,0.848123077431431,6.6,1,proxy:v1-sales-heuristic-2026-09
health care,4.32,14,0,1,0,3,0.3146511486507784,3.6,1,proxy:v1-sales-heuristic-2026-09
fitness,4.06,144,1,1,1,1,0.8768057894855097,6.6,1,proxy:v1-sales-heuristic-2026-09
automotive,3.28,44,1,1,0,5,0.5924030752272741,6.6,1,proxy:v1-sales-heuristic-2026-09
automotive,4.16,51,0,1,0,4,0.4567049052434915,3.6,1,proxy:v1-sales-heuristic-2026-09
beauty & personal care,3.54,1,0,0,1,3,0.9077178283695919,1.8,1,proxy:v1-sales-heuristic-2026-09
local service business,3.2,22,0,1,0,1,0.7610767654500785,2.6,0,proxy:v1-sales-heuristic-2026-09
fitness,4.23,242,0,1,1,1,0.9274537458494785,3.6,1,proxy:v1-sales-heuristic-2026-09
automotive,4.42,105,0,1,0,1,0.8805262917461844,3.6,1,proxy:v1-sales-heuristic-2026-09
local service business,4.44,3,0,1,1,6,0.594309735771634,2.0,0,proxy:v1-sales-heuristic-2026-09
home services,4.46,17,0,1,0,2,0.8107656822340547,3.6,1,proxy:v1-sales-heuristic-2026-09
home services,3.09,6,0,1,1,3,0.5621487380544893,2.2,0,proxy:v1-sales-heuristic-2026-09
local service business,3.4,161,0,1,0,5,0.7875291451215225,2.6,0,proxy:v1-sales-heuristic-2026-09
automotive,5.0,32,0,0,1,4,0.7674839827268108,1.6,0,proxy:v1-sales-heuristic-2026-09
beauty & personal care,3.57,10,0,1,0,1,0.7593161450481904,3.6,1,proxy:v1-sales-heuristic-2026-09
health care,4.49,25,1,1,1,6,0.9876993690974261,6.6,1,proxy:v1-sales-heuristic-2026-09
beauty & personal care,3.77,1,0,1,0,2,0.7657431144149319,3.0,0,proxy:v1-sales-heuristic-2026-09
fitness,4.19,7,1,1,0,5,0.39778039260951,6.0,1,proxy:v1-sales-heuristic-2026-09
beauty & personal care,3.8,25,0,1,0,5,0.5580349202733177,3.6,1,proxy:v1-sales-heuristic-2026-09
automotive,4.46,62,0,0,0,4,0.7901696835807581,2.4,0,proxy:v1-sales-heuristic-2026-09
beauty & personal care,4.23,2,0,1,0,1,0.7526020302887673,3.0,0,proxy:v1-sales-heuristic-2026-09
home services,3.9,16,0,1,0,4,0.5536233290049045,3.6,1,proxy:v1-sales-heuristic-2026-09
automotive,3.57,74,1,1,0,2,0.6984574053232142,6.6,1,proxy:v1-sales-heuristic-2026-09
automotive,4.3,4,0,1,0,6,0.9258989503267465,3.0,0,proxy:v1-sales-heuristic-2026-09
local service business,3.48,3027,0,1,0,5,0.7641857990653015,-0.30000000000000004,0,proxy:v1-sales-heuristic-2026-09
food & beverage,4.39,26,1,1,0,5,0.8794956592819739,6.6,1,proxy:v1-sales-heuristic-2026-09
food & beverage,5.0,3228,0,1,0,5,0.6868814083057698,-0.2999999999999998,0,proxy:v1-sales-heuristic-2026-09
automotive,4.89,19,1,1,0,2,0.6885942138145916,5.8,0,proxy:v1-sales-heuristic-2026-09
food & beverage,4.55,20,0,0,0,1,0.6791319608062164,2.4,0,proxy:v1-sales-heuristic-2026-09
beauty & personal care,4.1,62,1,1,0,4,0.9326677564343281,6.6,1,proxy:v1-sales-heuristic-2026-09
health care,3.08,5,0,1,1,4,0.7898817860565486,2.2,0,proxy:v1-sales-heuristic-2026-09
beauty & personal care,3.42,19,1,1,1,6,0.9633923740488229,6.6,1,proxy:v1-sales-heuristic-2026-09
local service business,4.86,14,0,1,1,4,0.7868902616642843,1.7999999999999998,0,proxy:v1-sales-heuristic-2026-09
local service business,3.72,21,0,1,0,5,0.4644250042591546,2.6,0,proxy:v1-sales-heuristic-2026-09
automotive,3.77,62,0,1,0,3,0.7725212830408813,3.6,1,proxy:v1-sales-heuristic-2026-09
automotive,4.06,1944,0,1,1,1,0.5465272383505189,1.5,1,proxy:v1-sales-heuristic-2026-09
automotive,3.57,10,0,1,0,1,0.859304559060256,3.6,1,proxy:v1-sales-heuristic-2026-09
health care,3.48,28,0,1,0,3,0.7429370681991623,3.6,1,proxy:v1-sales-heuristic-2026-09
automotive,4.12,2996,0,1,0,1,0.8283960421069956,1.5,1,proxy:v1-sales-heuristic-2026-09
local service business,3.66,9,0,1,1,4,0.8011973578791842,2.6,0,proxy:v1-sales-heuristic-2026-09
legal services,3.74,28,0,1,1,3,0.8784515249471239,3.6,1,proxy:v1-sales-heuristic-2026-09
local service business,3.72,3158,0,1,1,2,0.6429122283172822,-0.30000000000000004,1,proxy:v1-sales-heuristic-2026-09
home services,4.44,22,0,1,0,4,0.45595591330162166,3.6,1,proxy:v1-sales-heuristic-2026-09
local service business,4.02,4,0,0,1,5,0.8920599759341069,0.8,0,proxy:v1-sales-heuristic-2026-09
automotive,4.05,115,1,1,1,1,0.9028124120625378,6.6,1,proxy:v1-sales-heuristic-2026-09
food & beverage,4.48,10,1,1,0,3,0.6155214621399896,6.6,1,proxy:v1-sales-heuristic-2026-09
food & beverage,4.07,75,1,1,0,6,0.8817510738279427,6.6,1,proxy:v1-sales-heuristic-2026-09
local service business,4.0,12,1,0,1,2,0.9764248528599893,4.3999999999999995,1,proxy:v1-sales-heuristic-2026-09
health care,4.41,12,1,1,0,5,0.5579133836676371,6.6,1,proxy:v1-sales-heuristic-2026-09
local service business,4.52,93,0,1,1,3,0.8629474899580019,2.6,0,proxy:v1-sales-heuristic-2026-09
automotive,4.07,73,0,1,0,2,0.955545064989623,3.6,1,proxy:v1-sales-heuristic-2026-09
local service business,4.19,30,0,1,0,6,0.76717411425183,2.6,0,proxy:v1-sales-heuristic-2026-09
home services,3.72,56,0,1,1,3,0.8956345955020383,3.6,1,proxy:v1-sales-heuristic-2026-09
home services,3.68,17,0,1,1,6,0.6183141019501578,3.6,1,proxy:v1-sales-heuristic-2026-09
local service business,4.57,24,1,1,0,4,0.9877805735131866,5.6,1,proxy:v1-sales-heuristic-2026-09
food & beverage,4.39,11,0,1,0,5,0.23227703676689518,3.6,1,proxy:v1-sales-heuristic-2026-09
food & beverage,4.4,66,0,1,1,5,0.7925050224946674,3.6,1,proxy:v1-sales-heuristic-2026-09
health care,4.3,11,0,1,0,6,0.783774496424165,3.6,1,proxy:v1-sales-heuristic-2026-09
automotive,4.18,125,0,1,1,4,0.5621520539356967,3.6,1,proxy:v1-sales-heuristic-2026-09
food & beverage,4.53,17,0,0,0,6,0.8251196586770231,2.4,1,proxy:v1-sales-heuristic-2026-09
beauty & personal care,4.66,25,1,1,0,1,0.7382209651243484,6.6,1,proxy:v1-sales-heuristic-2026-09
automotive,4.65,56,0,1,0,3,0.7066074481754478,3.6,1,proxy:v1-sales-heuristic-2026-09
local service business,4.09,25,1,1,0,3,0.8850902655549696,5.6,0,proxy:v1-sales-heuristic-2026-09
health care,4.91,17,1,1,0,1,0.69721046728442,5.8,1,proxy:v1-sales-heuristic-2026-09
food & beverage,4.28,23,1,1,1,6,0.9121335992011491,6.6,1,proxy:v1-sales-heuristic-2026-09
food & beverage,4.5,65,1,1,0,5,0.860753516091485,6.6,1,proxy:v1-sales-heuristic-2026-09
home services,4.31,11,0,1,1,5,0.731707522914168,3.6,1,proxy:v1-sales-heuristic-2026-09
fitness,4.29,21,0,1,0,4,0.5406839724287634,3.6,0,proxy:v1-sales-heuristic-2026-09
local service business,3.75,24,1,1,0,4,0.9331508230165941,5.6,1,proxy:v1-sales-heuristic-2026-09
local service business,4.54,63,0,0,1,3,0.73067496278572,1.4,0,proxy:v1-sales-heuristic-2026-09
food & beverage,5.0,21,0,1,0,5,0.9643213948083267,2.8000000000000003,0,proxy:v1-sales-heuristic-2026-09
food & beverage,3.94,179,0,1,0,6,0.9025805028668564,3.6,1,proxy:v1-sales-heuristic-2026-09
home services,4.19,20,0,1,0,2,0.6863240467949375,3.6,1,proxy:v1-sales-heuristic-2026-09
health care,3.9,18,0,1,0,3,0.8076196377682208,3.6,1,proxy:v1-sales-heuristic-2026-09
home services,3.88,3189,1,1,0,1,0.9529841001525752,4.5,1,proxy:v1-sales-heuristic-2026-09
fitness,5.0,5,0,1,1,6,0.8868130651971875,2.2,0,proxy:v1-sales-heuristic-2026-09
health care,3.78,7,0,1,0,4,0.7041114808869607,3.0,0,proxy:v1-sales-heuristic-2026-09
food & beverage,3.89,13,0,1,0,4,0.7430615709029383,3.6,0,proxy:v1-sales-heuristic-2026-09
food & beverage,3.28,85,0,1,1,2,0.9215261186651861,3.6,1,proxy:v1-sales-heuristic-2026-09
food & beverage,3.73,23,1,1,0,1,0.8675216875417718,6.6,1,proxy:v1-sales-heuristic-2026-09
automotive,3.21,14,0,1,0,5,0.8464849679993277,3.6,1,proxy:v1-sales-heuristic-2026-09
automotive,4.5,94,0,1,1,6,0.6530759021630507,3.6,0,proxy:v1-sales-heuristic-2026-09
pets,5.0,135,0,1,1,3,0.9164964856177638,2.8000000000000003,1,proxy:v1-sales-heuristic-2026-09
food & beverage,3.95,97,0,1,0,5,0.6386826779554884,3.6,1,proxy:v1-sales-heuristic-2026-09
beauty & personal care,3.23,9,1,1,0,4,0.5426387118399988,6.6,1,proxy:v1-sales-heuristic-2026-09
health care,4.64,14,1,1,1,4,0.7752782384139755,6.6,1,proxy:v1-sales-heuristic-2026-09
legal services,3.75,180,0,1,0,2,0.7982606138209102,3.6,1,proxy:v1-sales-heuristic-2026-09
beauty & personal care,4.86,31,0,1,1,4,0.9908262877939316,2.8000000000000003,0,proxy:v1-sales-heuristic-2026-09
local service business,3.99,18,0,1,0,1,0.8283563335595655,2.6,0,proxy:v1-sales-heuristic-2026-09
local service business,3.8,1033,0,1,0,2,0.8609976644310168,-0.30000000000000004,1,proxy:v1-sales-heuristic-2026-09
health care,4.05,74,0,1,1,3,0.6846177599092609,3.6,1,proxy:v1-sales-heuristic-2026-09
fitness,4.57,13,0,1,0,2,0.7341307617754139,3.6,1,proxy:v1-sales-heuristic-2026-09
automotive,4.02,31,0,1,0,6,0.8240238077673206,3.6,0,proxy:v1-sales-heuristic-2026-09
local service business,3.88,67,1,0,1,1,0.6720423300855117,4.3999999999999995,1,proxy:v1-sales-heuristic-2026-09
food & beverage,4.04,6,0,1,1,6,0.6959275954375324,3.0,0,proxy:v1-sales-heuristic-2026-09
local service business,3.45,24,1,1,0,1,0.6002123832539548,5.6,1,proxy:v1-sales-heuristic-2026-09
health care,4.37,7,0,1,1,6,0.8816139229851463,3.0,0,proxy:v1-sales-heuristic-2026-09
automotive,3.17,8,0,1,0,3,0.620279164295674,2.8000000000000003,0,proxy:v1-sales-heuristic-2026-09
automotive,3.91,1025,1,1,0,6,0.8879659303401695,4.5,1,proxy:v1-sales-heuristic-2026-09
pets,4.57,41,0,1,1,4,0.7432318752640692,3.6,1,proxy:v1-sales-heuristic-2026-09
health care,4.32,17,0,1,1,3,0.6678902233336035,3.6,1,proxy:v1-sales-heuristic-2026-09
automotive,4.47,12,0,1,1,1,0.7346518641461479,3.6,1,proxy:v1-sales-heuristic-2026-09
legal services,4.11,25,0,1,1,3,0.8311881537582608,3.6,1,proxy:v1-sales-heuristic-2026-09
local service business,4.79,6,1,1,0,4,0.5475086948056462,4.2,1,proxy:v1-sales-heuristic-2026-09
home services,4.66,39,1,1,0,6,0.8053125924442448,6.6,0,proxy:v1-sales-heuristic-2026-09
home services,4.4,85,0,1,1,2,0.7696760877517659,3.6,1,proxy:v1-sales-heuristic-2026-09
automotive,4.66,22,1,1,0,1,0.47610995370294484,6.6,1,proxy:v1-sales-heuristic-2026-09
local service business,4.56,19,0,1,0,2,0.8554386833119655,2.6,0,proxy:v1-sales-heuristic-2026-09
food & beverage,3.91,36,0,1,1,2,0.7437254035954015,3.6,1,proxy:v1-sales-heuristic-2026-09
local service business,3.41,2,1,1,0,6,0.20487474012808668,5.0,1,proxy:v1-sales-heuristic-2026-09
food & beverage,4.38,1767,0,0,1,1,0.7212978040271466,0.30000000000000004,0,proxy:v1-sales-heuristic-2026-09
health care,4.45,744,0,0,0,6,0.7799844529692272,1.8,0,proxy:v1-sales-heuristic-2026-09
beauty & personal care,4.75,21,0,1,1,1,0.7130902377749948,2.8000000000000003,0,proxy:v1-sales-heuristic-2026-09
automotive,3.64,21,1,1,0,5,0.39141356770908886,6.6,1,proxy:v1-sales-heuristic-2026-09
local service business,3.65,55,0,1,0,3,0.6645122275563093,2.6,1,proxy:v1-sales-heuristic-2026-09
home services,4.4,149,0,0,1,1,0.765366396837462,2.4,0,proxy:v1-sales-heuristic-2026-09
home services,4.11,71,0,1,0,4,0.9172005731538185,3.6,0,proxy:v1-sales-heuristic-2026-09
local service business,3.11,2,0,1,1,5,0.8733191842263658,1.2,1,proxy:v1-sales-heuristic-2026-09
local service business,4.36,45,0,1,1,6,0.9581463118681354,2.6,0,proxy:v1-sales-heuristic-2026-09
local service business,3.13,415,0,1,1,2,0.707927987585546,0.3999999999999999,1,proxy:v1-sales-heuristic-2026-09
beauty & personal care,3.63,48,0,1,0,4,0.718201559609256,3.6,1,proxy:v1-sales-heuristic-2026-09
health care,4.89,6,0,1,0,4,0.6510009106185686,2.2,1,proxy:v1-sales-heuristic-2026-09
local service business,5.0,33,1,1,0,3,0.7021715883538678,4.8,1,proxy:v1-sales-heuristic-2026-09
food & beverage,3.48,5,0,1,0,6,0.8191988347383415,3.0,1,proxy:v1-sales-heuristic-2026-09
automotive,3.97,95,0,1,0,3,0.8849776346530999,3.6,1,proxy:v1-sales-heuristic-2026-09
local service business,4.17,2060,1,1,0,3,0.8051131334401407,3.5,1,proxy:v1-sales-heuristic-2026-09
home services,5.0,26,0,1,0,4,0.7192080125913787,2.8000000000000003,0,proxy:v1-sales-heuristic-2026-09
health care,3.88,9,0,1,0,6,0.8008162361988187,3.6,1,proxy:v1-sales-heuristic-2026-09
local service business,3.89,3378,1,1,0,6,0.8466625789567104,3.5,1,proxy:v1-sales-heuristic-2026-09
health care,5.0,125,0,1,0,5,0.7399282617719148,2.8000000000000003,0,proxy:v1-sales-heuristic-2026-09
home services,3.94,27,0,1,1,1,0.5786102068233913,3.6,1,proxy:v1-sales-heuristic-2026-09
food & beverage,4.55,13,0,1,0,2,0.34281972732442717,3.6,1,proxy:v1-sales-heuristic-2026-09
food & beverage,3.34,6,0,1,0,1,0.7016514669645715,3.0,0,proxy:v1-sales-heuristic-2026-09
automotive,4.06,3,0,1,0,1,0.9278341852693847,3.0,0,proxy:v1-sales-heuristic-2026-09
local service business,3.24,6,0,1,1,5,0.7210197866448527,2.0,0,proxy:v1-sales-heuristic-2026-09
local service business,3.57,27,1,1,1,5,0.7178413592770139,5.6,1,proxy:v1-sales-heuristic-2026-09
beauty & personal care,4.61,72,1,1,0,1,0.7141496454583585,6.6,1,proxy:v1-sales-heuristic-2026-09
food & beverage,4.12,13,0,1,0,3,0.8105157729132997,3.6,0,proxy:v1-sales-heuristic-2026-09
local service business,3.97,138,0,1,0,2,0.8321599521940994,2.6,0,proxy:v1-sales-heuristic-2026-09
automotive,3.74,11,0,0,0,1,0.5321462115699571,2.4,0,proxy:v1-sales-heuristic-2026-09
home services,4.03,1521,0,1,0,3,0.7496972772423857,1.5,0,proxy:v1-sales-heuristic-2026-09
home services,4.32,7,0,1,0,1,0.7763394653411291,3.0,0,proxy:v1-sales-heuristic-2026-09
pets,4.69,72,0,1,1,5,0.7904823865414871,3.6,1,proxy:v1-sales-heuristic-2026-09
automotive,2.71,246,0,1,1,6,0.7899335717294231,2.8000000000000003,0,proxy:v1-sales-heuristic-2026-09
fitness,3.69,3,0,0,0,3,0.8707496144194381,1.8,0,proxy:v1-sales-heuristic-2026-09
food & beverage,4.24,16,0,0,1,2,0.8960937203871606,2.4,0,proxy:v1-sales-heuristic-2026-09
health care,4.1,98,0,1,0,3,0.9826424021232546,3.6,1,proxy:v1-sales-heuristic-2026-09
automotive,4.37,4,1,0,0,6,0.7498010113614825,4.8,1,proxy:v1-sales-heuristic-2026-09
home services,4.3,45,0,1,1,1,0.8728445753905474,3.6,1,proxy:v1-sales-heuristic-2026-09
home services,3.98,94,1,0,0,5,0.6925844173645656,5.3999999999999995,1,proxy:v1-sales-heuristic-2026-09
beauty & personal care,3.86,26,0,1,1,1,0.7434819144245088,3.6,1,proxy:v1-sales-heuristic-2026-09
automotive,4.01,44,0,1,0,2,0.6418595259766323,3.6,1,proxy:v1-sales-heuristic-2026-09
beauty & personal care,4.78,170,0,1,1,3,0.932179322062221,2.8000000000000003,0,proxy:v1-sales-heuristic-2026-09
food & beverage,3.75,209,0,1,0,3,0.9576589121001086,3.6,1,proxy:v1-sales-heuristic-2026-09
automotive,4.12,22,0,1,0,2,0.8519340962680179,3.6,1,proxy:v1-sales-heuristic-2026-09
local service business,4.25,3011,0,1,0,5,0.8052615201145898,-0.30000000000000004,0,proxy:v1-sales-heuristic-2026-09
food & beverage,5.0,3173,0,1,1,5,0.3699934413483297,-0.2999999999999998,0,proxy:v1-sales-heuristic-2026-09
local service business,3.98,71,0,1,1,3,0.9025134901298322,2.6,0,proxy:v1-sales-heuristic-2026-09
local service business,4.68,5,0,1,0,3,0.6596972750013524,2.0,0,proxy:v1-sales-heuristic-2026-09
automotive,4.83,18,1,1,1,1,0.9798765668927496,5.8,1,proxy:v1-sales-heuristic-2026-09
fitness,4.11,27,1,1,1,4,0.679154435184042,6.6,1,proxy:v1-sales-heuristic-2026-09
local service business,4.03,3399,1,1,0,2,0.8211078154123201,3.5,1,proxy:v1-sales-heuristic-2026-09
fitness,3.97,33,0,1,1,2,0.8963391134353229,3.6,1,proxy:v1-sales-heuristic-2026-09
home services,4.01,411,0,1,1,6,0.9019490523485225,3.0,0,proxy:v1-sales-heuristic-2026-09
home services,4.62,21,0,1,1,4,0.9536943332430275,3.6,0,proxy:v1-sales-heuristic-2026-09
automotive,4.28,15,0,1,0,5,0.7177748878268921,3.6,1,proxy:v1-sales-heuristic-2026-09
home services,4.28,74,0,1,0,2,0.8281929808111609,3.6,1,proxy:v1-sales-heuristic-2026-09
local service business,3.53,31,0,1,0,4,0.7335883068969737,2.6,0,proxy:v1-sales-heuristic-2026-09
local service business,3.62,119,0,1,0,1,0.5027955876236652,2.6,0,proxy:v1-sales-heuristic-2026-09
automotive,5.0,29,0,1,0,2,0.9244297602045594,2.8000000000000003,1,proxy:v1-sales-heuristic-2026-09
pets,4.05,18,0,1,0,5,0.9857534966153426,3.6,1,proxy:v1-sales-heuristic-2026-09
food & beverage,3.72,3,1,1,1,3,0.9574310594144844,6.0,1,proxy:v1-sales-heuristic-2026-09
local service business,4.94,4,0,1,0,4,0.8833558382193122,1.2,0,proxy:v1-sales-heuristic-2026-09
automotive,4.3,3,1,0,1,5,0.5441433356786621,4.8,1,proxy:v1-sales-heuristic-2026-09
local service business,4.47,37,0,1,0,6,0.5796019525651323,2.6,0,proxy:v1-sales-heuristic-2026-09
local service business,4.07,5,0,1,0,1,0.847206337977539,2.0,0,proxy:v1-sales-heuristic-2026-09
automotive,3.97,97,1,1,0,4,0.9408390981554314,6.6,0,proxy:v1-sales-heuristic-2026-09
automotive,4.06,25,1,1,0,6,0.8570109951548462,6.6,1,proxy:v1-sales-heuristic-2026-09
local service business,3.39,18,0,1,0,2,0.9544099190015556,2.6,0,proxy:v1-sales-heuristic-2026-09
automotive,4.1,9,0,1,0,6,0.5160119197537916,3.6,1,proxy:v1-sales-heuristic-2026-09
home services,4.31,1149,1,1,0,4,0.6695504470645353,4.5,1,proxy:v1-sales-heuristic-2026-09
local service business,5.0,10,1,1,0,2,0.8477919170970365,4.8,0,proxy:v1-sales-heuristic-2026-09
health care,4.2,8,1,0,0,5,0.6735482981873683,5.3999999999999995,1,proxy:v1-sales-heuristic-2026-09
food & beverage,2.87,90,0,1,0,6,0.6695474389352442,2.8000000000000003,0,proxy:v1-sales-heuristic-2026-09
home services,4.1,36,0,1,1,1,0.9403559088782434,3.6,1,proxy:v1-sales-heuristic-2026-09
automotive,5.0,18,0,1,1,5,0.4728581317046924,2.8000000000000003,0,proxy:v1-sales-heuristic-2026-09
local service business,4.63,49,0,1,0,6,0.8789423127971313,2.6,0,proxy:v1-sales-heuristic-2026-09
food & beverage,3.7,24,1,1,1,4,0.8121011835497838,6.6,1,proxy:v1-sales-heuristic-2026-09
beauty & personal care,4.48,37,0,1,1,4,0.8624572674852407,3.6,1,proxy:v1-sales-heuristic-2026-09
beauty & personal care,3.74,9,1,1,1,1,0.9844478454707708,6.6,0,proxy:v1-sales-heuristic-2026-09
local service business,3.41,239,0,1,0,3,0.9026690234779765,1.8,0,proxy:v1-sales-heuristic-2026-09
automotive,3.96,1301,0,1,0,6,0.9655206203384772,1.5,0,proxy:v1-sales-heuristic-2026-09
local service business,4.2,135,0,1,0,5,0.7185063547561295,2.6,0,proxy:v1-sales-heuristic-2026-09
pets,3.12,19,0,1,0,3,0.8224608953561304,2.8000000000000003,1,proxy:v1-sales-heuristic-2026-09
local service business,3.52,59,0,0,0,2,0.911633903161572,1.4,0,proxy:v1-sales-heuristic-2026-09
local service business,4.16,55,0,1,0,5,0.6950263212657913,2.6,1,proxy:v1-sales-heuristic-2026-09
local service business,3.93,86,0,1,0,6,0.9092408226711309,2.6,0,proxy:v1-sales-heuristic-2026-09
local service business,4.37,9,0,1,0,2,0.6947926757284153,2.6,0,proxy:v1-sales-heuristic-2026-09
automotive,3.48,80,1,1,0,5,0.7843954689165042,6.6,1,proxy:v1-sales-heuristic-2026-09
local service business,4.54,186,0,1,0,2,0.8688648474937051,2.6,0,proxy:v1-sales-heuristic-2026-09
health care,3.5,18,0,1,1,5,0.9811792352387567,3.6,1,proxy:v1-sales-heuristic-2026-09
health care,5.0,25,0,1,1,6,0.7477388008208867,2.8000000000000003,0,proxy:v1-sales-heuristic-2026-09
local service business,3.21,13,0,1,0,4,0.9268892172635019,2.6,0,proxy:v1-sales-heuristic-2026-09
local service business,3.55,16,0,1,0,3,0.692143074393831,2.6,0,proxy:v1-sales-heuristic-2026-09
pets,4.38,161,0,1,0,2,0.6934610138664895,3.6,1,proxy:v1-sales-heuristic-2026-09
home services,5.0,8,1,1,1,1,0.6374945636400323,5.8,1,proxy:v1-sales-heuristic-2026-09
home services,4.32,8,0,1,0,1,0.8733096036362848,3.6,1,proxy:v1-sales-heuristic-2026-09
food & beverage,4.46,144,0,1,0,6,0.9027917689415702,3.6,1,proxy:v1-sales-heuristic-2026-09
food & beverage,4.16,48,0,1,0,4,0.9721029855625684,3.6,1,proxy:v1-sales-heuristic-2026-09
food & beverage,3.59,252,0,1,0,2,0.44093101759618003,3.0,0,proxy:v1-sales-heuristic-2026-09
automotive,3.88,1237,0,1,0,4,0.663009503143259,1.5,0,proxy:v1-sales-heuristic-2026-09
automotive,3.48,28,0,1,0,6,0.7128834564558558,3.6,1,proxy:v1-sales-heuristic-2026-09
local service business,3.45,11,0,1,0,4,0.7928637537589209,2.6,0,proxy:v1-sales-heuristic-2026-09
home services,4.37,28,1,1,0,6,0.7472025472021511,6.6,1,proxy:v1-sales-heuristic-2026-09
local service business,3.53,3,0,1,0,1,0.8581591149009428,2.0,0,proxy:v1-sales-heuristic-2026-09
health care,4.33,52,0,1,0,1,0.8264437753091503,3.6,1,proxy:v1-sales-heuristic-2026-09
automotive,3.43,35,0,1,1,4,0.8250153740164943,3.6,1,proxy:v1-sales-heuristic-2026-09
automotive,4.31,23,1,1,0,4,0.6682255307618215,6.6,1,proxy:v1-sales-heuristic-2026-09
beauty & personal care,3.88,15,1,1,0,5,0.3914917289601976,6.6,1,proxy:v1-sales-heuristic-2026-09
local service business,4.92,9,0,1,1,6,0.6366055084551161,1.7999999999999998,0,proxy:v1-sales-heuristic-2026-09
beauty & personal care,4.33,54,0,1,0,1,0.8675899312950208,3.6,1,proxy:v1-sales-heuristic-2026-09
home services,4.83,6,0,1,1,6,0.8781860408722073,2.2,0,proxy:v1-sales-heuristic-2026-09
local service business,3.73,43,0,1,1,1,0.7490139193405363,2.6,0,proxy:v1-sales-heuristic-2026-09
local service business,4.18,240,0,1,0,4,0.640805760577755,1.8,0,proxy:v1-sales-heuristic-2026-09
beauty & personal care,3.61,125,0,1,1,5,0.862727381957892,3.6,1,proxy:v1-sales-heuristic-2026-09
automotive,3.92,4,0,1,0,5,0.40397560041445474,3.0,0,proxy:v1-sales-heuristic-2026-09
automotive,4.01,13,1,1,0,2,0.8939506875435126,6.6,1,proxy:v1-sales-heuristic-2026-09
automotive,3.75,39,0,1,0,4,0.7582587128423802,3.6,1,proxy:v1-sales-heuristic-2026-09
beauty & personal care,3.48,22,1,1,0,6,0.9567098529249061,6.6,1,proxy:v1-sales-heuristic-2026-09
health care,3.37,5,0,0,1,2,0.7877611239035726,1.8,0,proxy:v1-sales-heuristic-2026-09
local service business,2.86,2732,1,1,0,6,0.46153575929906326,2.7,0,proxy:v1-sales-heuristic-2026-09
home services,3.57,24,0,1,1,4,0.7842688743166594,3.6,0,proxy:v1-sales-heuristic-2026-09
fitness,4.5,201,0,1,0,1,0.6143887066311241,3.6,0,proxy:v1-sales-heuristic-2026-09
beauty & personal care,3.27,18,1,0,0,2,0.9860737986428199,5.3999999999999995,1,proxy:v1-sales-heuristic-2026-09
local service business,3.4,88,0,1,1,6,0.6797224549207161,2.6,0,proxy:v1-sales-heuristic-2026-09
health care,5.0,6,0,1,0,3,0.48996153925161073,2.2,0,proxy:v1-sales-heuristic-2026-09
local service business,3.8,2591,0,1,0,6,0.9372839669701059,-0.30000000000000004,0,proxy:v1-sales-heuristic-2026-09
local service business,4.33,54,0,1,0,3,0.9404300890059321,2.6,0,proxy:v1-sales-heuristic-2026-09
food & beverage,4.5,80,0,1,1,3,0.7983672115684289,3.6,1,proxy:v1-sales-heuristic-2026-09
automotive,4.51,8,0,1,0,6,0.7285481787003187,3.6,1,proxy:v1-sales-heuristic-2026-09
beauty & personal care,3.31,25,0,1,1,5,0.8578316758912387,3.6,1,proxy:v1-sales-heuristic-2026-09
home services,4.02,5,0,0,0,2,0.837917213356134,1.8,0,proxy:v1-sales-heuristic-2026-09
local service business,3.26,20,0,0,0,5,0.6930288328963013,1.4,0,proxy:v1-sales-heuristic-2026-09
food & beverage,5.0,61,0,0,0,2,0.8044820889850163,1.6,0,proxy:v1-sales-heuristic-2026-09
local service business,3.27,15,0,1,0,6,0.9043704831576649,2.6,0,proxy:v1-sales-heuristic-2026-09
health care,3.57,18,0,1,0,1,0.4100525406357603,3.6,1,proxy:v1-sales-heuristic-2026-09
beauty & personal care,3.58,7,1,1,0,4,0.5690754367396036,6.0,1,proxy:v1-sales-heuristic-2026-09
food & beverage,3.33,12,1,1,0,1,0.6724282029786032,6.6,1,proxy:v1-sales-heuristic-2026-09
fitness,4.89,169,0,1,0,5,0.8690947856758336,2.8000000000000003,0,proxy:v1-sales-heuristic-2026-09
fitness,5.0,26,0,1,1,6,0.9800698655059522,2.8000000000000003,0,proxy:v1-sales-heuristic-2026-09
home services,3.89,8,0,1,0,5,0.5051176481661123,3.6,1,proxy:v1-sales-heuristic-2026-09
beauty & personal care,3.42,17,0,1,1,3,0.8942097307613323,3.6,1,proxy:v1-sales-heuristic-2026-09
pets,2.92,4,0,1,0,5,0.453066397303255,2.2,0,proxy:v1-sales-heuristic-2026-09
automotive,4.02,8,1,1,0,2,0.6928271761321267,6.6,1,proxy:v1-sales-heuristic-2026-09
local service business,3.98,109,0,1,0,4,0.8270553730430705,2.6,0,proxy:v1-sales-heuristic-2026-09
beauty & personal care,3.79,20,0,1,0,6,0.9142452151223696,3.6,1,proxy:v1-sales-heuristic-2026-09
automotive,4.27,196,0,1,1,3,0.5764884149907429,3.6,1,proxy:v1-sales-heuristic-2026-09
home services,4.37,22,0,1,1,1,0.8118352618980231,3.6,0,proxy:v1-sales-heuristic-2026-09
home services,4.33,23,1,1,0,3,0.3222946840385604,6.6,1,proxy:v1-sales-heuristic-2026-09
home services,3.98,49,0,0,0,3,0.6466967971837916,2.4,0,proxy:v1-sales-heuristic-2026-09
home services,3.54,1,0,1,0,5,0.8687871492122998,3.0,0,proxy:v1-sales-heuristic-2026-09
local service business,4.52,30,0,1,0,5,0.9801535782174147,2.6,0,proxy:v1-sales-heuristic-2026-09
home services,4.16,23,1,1,1,3,0.9391339547974233,6.6,1,proxy:v1-sales-heuristic-2026-09
home services,4.64,125,1,1,1,5,0.9524870246293868,6.6,1,proxy:v1-sales-heuristic-2026-09
home services,4.58,70,1,1,0,1,0.785272577209439,6.6,1,proxy:v1-sales-heuristic-2026-09
automotive,3.37,7,0,1,0,2,0.6617168094299141,3.0,0,proxy:v1-sales-heuristic-2026-09
health care,3.36,96,0,1,1,4,0.9617640890549656,3.6,0,proxy:v1-sales-heuristic-2026-09
beauty & personal care,3.73,18,1,1,0,5,0.7843145998790161,6.6,1,proxy:v1-sales-heuristic-2026-09
fitness,3.57,9,0,1,0,5,0.7302036626678917,3.6,1,proxy:v1-sales-heuristic-2026-09
automotive,4.57,30,1,1,0,4,0.42119995889034295,6.6,1,proxy:v1-sales-heuristic-2026-09
local service business,4.34,19,0,1,0,1,0.7798531527446085,2.6,0,proxy:v1-sales-heuristic-2026-09
home services,4.75,133,1,1,1,5,0.7778480203856245,5.8,1,proxy:v1-sales-heuristic-2026-09
local service business,4.37,35,0,1,0,3,0.7543648166301206,2.6,0,proxy:v1-sales-heuristic-2026-09
home services,4.26,30,1,0,1,2,0.9128188510924813,5.3999999999999995,1,proxy:v1-sales-heuristic-2026-09
automotive,4.81,66,1,1,0,3,0.4735655011922974,5.8,1,proxy:v1-sales-heuristic-2026-09
local service business,4.41,81,0,1,1,5,0.26385440025601253,2.6,0,proxy:v1-sales-heuristic-2026-09
fitness,4.19,58,1,1,1,2,0.968913969624948,6.6,1,proxy:v1-sales-heuristic-2026-09
local service business,4.96,116,0,0,1,4,0.9077503864870893,0.6,0,proxy:v1-sales-heuristic-2026-09
home services,4.21,47,0,1,1,1,0.8443400188653775,3.6,1,proxy:v1-sales-heuristic-2026-09
fitness,3.98,29,1,1,0,5,0.6916263893600497,6.6,1,proxy:v1-sales-heuristic-2026-09
local service business,3.69,95,0,0,1,1,0.7302258068446532,1.4,0,proxy:v1-sales-heuristic-2026-09
fitness,4.54,22,0,1,0,6,0.9402171932772789,3.6,1,proxy:v1-sales-heuristic-2026-09
food & beverage,4.83,25,0,1,0,6,0.9307669451157179,2.8000000000000003,1,proxy:v1-sales-heuristic-2026-09
fitness,4.12,162,1,1,1,6,0.7287695914519274,6.6,1,proxy:v1-sales-heuristic-2026-09
fitness,4.87,146,1,0,0,3,0.7745964703009518,4.6,1,proxy:v1-sales-heuristic-2026-09
local service business,3.07,24,0,1,1,5,0.8019171259520638,1.7999999999999998,0,proxy:v1-sales-heuristic-2026-09
food & beverage,4.12,1780,0,1,0,1,0.5827761694761274,1.5,0,proxy:v1-sales-heuristic-2026-09
home services,4.13,122,0,1,1,2,0.9184367753880301,3.6,0,proxy:v1-sales-heuristic-2026-09
local service business,3.75,59,0,1,0,1,0.740544131412801,2.6,1,proxy:v1-sales-heuristic-2026-09
home services,5.0,34,0,1,1,1,0.8094017816702004,2.8000000000000003,0,proxy:v1-sales-heuristic-2026-09
legal services,4.11,17,0,1,1,3,0.8832275782183858,3.6,1,proxy:v1-sales-heuristic-2026-09
home services,3.93,35,0,1,1,4,0.6039643982191409,3.6,1,proxy:v1-sales-heuristic-2026-09
beauty & personal care,4.16,23,1,0,0,6,0.8787664809591215,5.3999999999999995,1,proxy:v1-sales-heuristic-2026-09
legal services,3.05,11,0,1,0,1,0.9854591250500409,2.8000000000000003,0,proxy:v1-sales-heuristic-2026-09
automotive,3.73,28,0,1,0,3,0.5192769779171111,3.6,1,proxy:v1-sales-heuristic-2026-09
beauty & personal care,4.69,32,0,1,0,5,0.7690032462858737,3.6,1,proxy:v1-sales-heuristic-2026-09
fitness,3.8,857,1,1,1,2,0.9091958462134062,4.5,1,proxy:v1-sales-heuristic-2026-09
legal services,3.69,66,1,0,0,5,0.7295496237020181,5.3999999999999995,1,proxy:v1-sales-heuristic-2026-09
local service business,4.87,101,0,1,0,4,0.33634930867404456,1.7999999999999998,0,proxy:v1-sales-heuristic-2026-09
beauty & personal care,4.89,71,0,1,0,4,0.809640132087906,2.8000000000000003,0,proxy:v1-sales-heuristic-2026-09
automotive,4.43,18,0,1,0,1,0.9721436754310241,3.6,1,proxy:v1-sales-heuristic-2026-09
local service business,3.9,56,1,1,0,2,0.7798313246962812,5.6,1,proxy:v1-sales-heuristic-2026-09
automotive,4.02,26,0,1,1,6,0.8416495607464209,3.6,1,proxy:v1-sales-heuristic-2026-09
beauty & personal care,3.71,6,0,1,0,6,0.567729731697786,3.0,0,proxy:v1-sales-heuristic-2026-09
beauty & personal care,3.6,51,0,1,1,3,0.8297447401759419,3.6,1,proxy:v1-sales-heuristic-2026-09
home services,3.58,28,1,1,0,4,0.5890255839226521,6.6,1,proxy:v1-sales-heuristic-2026-09
local service business,3.81,425,0,1,1,4,0.5453755064664877,1.2,0,proxy:v1-sales-heuristic-2026-09
legal services,3.58,121,0,1,0,4,0.616062788346883,3.6,1,proxy:v1-sales-heuristic-2026-09
pets,3.29,53,0,1,0,5,0.9510007138328576,3.6,1,proxy:v1-sales-heuristic-2026-09
automotive,4.27,32,1,1,0,4,0.47532104560387506,6.6,1,proxy:v1-sales-heuristic-2026-09
food & beverage,4.28,29,0,1,0,1,0.273901919285982,3.6,1,proxy:v1-sales-heuristic-2026-09
home services,5.0,8,0,1,0,1,0.6797449975857914,2.8000000000000003,0,proxy:v1-sales-heuristic-2026-09
automotive,3.78,3,1,1,0,6,0.8208740346261257,6.0,1,proxy:v1-sales-heuristic-2026-09
beauty & personal care,4.31,9,0,1,0,5,0.9416414876053816,3.6,1,proxy:v1-sales-heuristic-2026-09
food & beverage,4.32,23,0,1,0,2,0.5840350259237601,3.6,1,proxy:v1-sales-heuristic-2026-09
automotive,4.01,2,1,1,1,1,0.9035700745485767,6.0,0,proxy:v1-sales-heuristic-2026-09
health care,4.56,13,0,1,0,2,0.7604701922442585,3.6,1,proxy:v1-sales-heuristic-2026-09
pets,4.58,18,0,1,0,4,0.9256065885830889,3.6,1,proxy:v1-sales-heuristic-2026-09
automotive,4.33,19,0,1,0,4,0.89136184043567,3.6,1,proxy:v1-sales-heuristic-2026-09
home services,4.01,11,1,1,1,2,0.47188666000547136,6.6,1,proxy:v1-sales-heuristic-2026-09
local service business,3.95,16,0,1,0,2,0.9792098152285081,2.6,0,proxy:v1-sales-heuristic-2026-09
legal services,3.4,163,0,1,0,2,0.6065464053939849,3.6,1,proxy:v1-sales-heuristic-2026-09
local service business,3.71,50,0,0,0,3,0.9347488975878697,1.4,0,proxy:v1-sales-heuristic-2026-09
home services,3.81,13,1,1,0,2,0.7257490824084161,6.6,1,proxy:v1-sales-heuristic-2026-09
local service business,3.53,2110,0,1,1,3,0.852812801289993,-0.30000000000000004,0,proxy:v1-sales-heuristic-2026-09
beauty & personal care,4.39,23,0,1,0,1,0.712360490470215,3.6,0,proxy:v1-sales-heuristic-2026-09
food & beverage,4.81,10,0,1,0,6,0.9487477716743282,2.8000000000000003,0,proxy:v1-sales-heuristic-2026-09
automotive,3.65,10,0,1,0,6,0.8047310063172459,3.6,1,proxy:v1-sales-heuristic-2026-09
home services,4.31,74,0,1,0,3,0.5984383169680285,3.6,1,proxy:v1-sales-heuristic-2026-09
food & beverage,3.58,15,0,1,1,5,0.8208310129816807,3.6,1,proxy:v1-sales-heuristic-2026-09
beauty & personal care,3.98,7,0,1,0,4,0.8525545539378201,3.0,0,proxy:v1-sales-heuristic-2026-09
legal services,3.77,2723,0,1,1,1,0.8744960746634869,1.5,0,proxy:v1-sales-heuristic-2026-09
food & beverage,4.48,27,0,1,0,2,0.4908699421588009,3.6,1,proxy:v1-sales-heuristic-2026-09
beauty & personal care,3.78,2,0,1,0,1,0.7334080030949981,3.0,0,proxy:v1-sales-heuristic-2026-09
automotive,4.71,23,1,1,1,5,0.749922422631214,5.8,0,proxy:v1-sales-heuristic-2026-09
home services,4.01,63,1,1,0,5,0.7420617960091377,6.6,1,proxy:v1-sales-heuristic-2026-09
food & beverage,3.79,40,0,0,0,4,0.5277083748848306,2.4,0,proxy:v1-sales-heuristic-2026-09
food & beverage,3.46,285,1,1,0,1,0.8851774398390897,6.0,1,proxy:v1-sales-heuristic-2026-09
beauty & personal care,4.29,97,1,1,1,2,0.7896384892803535,6.6,1,proxy:v1-sales-heuristic-2026-09
legal services,4.64,120,0,0,0,3,0.6388465346066395,2.4,0,proxy:v1-sales-heuristic-2026-09
local service business,4.3,533,1,1,0,1,0.781778462799074,5.0,1,proxy:v1-sales-heuristic-2026-09
home services,5.0,56,0,1,0,1,0.7790294211282318,2.8000000000000003,0,proxy:v1-sales-heuristic-2026-09
fitness,4.94,29,0,1,0,2,0.6059785307865495,2.8000000000000003,0,proxy:v1-sales-heuristic-2026-09
local service business,3.98,71,0,0,0,4,0.8180345520170328,1.4,0,proxy:v1-sales-heuristic-2026-09
local service business,3.98,13,0,1,0,1,0.872169359060103,2.6,0,proxy:v1-sales-heuristic-2026-09
health care,4.41,27,0,1,1,6,0.7665531201847889,3.6,1,proxy:v1-sales-heuristic-2026-09
local service business,3.69,12,0,1,1,3,0.664317622538705,2.6,0,proxy:v1-sales-heuristic-2026-09
local service business,4.79,38,1,1,0,2,0.8092839216644692,4.8,1,proxy:v1-sales-heuristic-2026-09
local service business,4.35,11,1,1,0,1,0.6349536562779966,5.6,1,proxy:v1-sales-heuristic-2026-09
home services,4.29,11,0,1,0,6,0.7569223282895227,3.6,1,proxy:v1-sales-heuristic-2026-09
automotive,4.53,38,0,0,1,4,0.8779279725125444,2.4,0,proxy:v1-sales-heuristic-2026-09
automotive,5.0,21,0,1,1,6,0.7809527408982551,2.8000000000000003,0,proxy:v1-sales-heuristic-2026-09
home services,4.24,2,1,1,0,5,0.8584867711819314,6.0,1,proxy:v1-sales-heuristic-2026-09
home services,4.09,4,0,1,1,6,0.5225440454019753,3.0,0,proxy:v1-sales-heuristic-2026-09
food & beverage,4.98,6,0,1,0,6,0.8776849316164088,2.2,0,proxy:v1-sales-heuristic-2026-09
health care,4.68,9,0,1,0,5,0.7498966155132443,3.6,1,proxy:v1-sales-heuristic-2026-09
health care,3.97,1975,0,1,1,6,0.8436153429344344,1.5,1,proxy:v1-sales-heuristic-2026-09
local service business,4.15,31,1,1,0,6,0.9311029794841836,5.6,1,proxy:v1-sales-heuristic-2026-09
automotive,4.26,79,0,1,0,2,0.6082660726513327,3.6,1,proxy:v1-sales-heuristic-2026-09
beauty & personal care,4.35,56,0,1,0,4,0.8919328071600041,3.6,1,proxy:v1-sales-heuristic-2026-09
local service business,3.4,79,0,1,1,6,0.917435669178462,2.6,0,proxy:v1-sales-heuristic-2026-09
local service business,3.3,47,1,0,0,6,0.7567641448482828,4.3999999999999995,1,proxy:v1-sales-heuristic-2026-09
local service business,3.66,30,0,1,0,1,0.9024491667809519,2.6,0,proxy:v1-sales-heuristic-2026-09
local service business,3.62,82,0,0,0,1,0.7681459242090072,1.4,0,proxy:v1-sales-heuristic-2026-09
local service business,3.8,67,0,1,1,2,0.5410932179919665,2.6,0,proxy:v1-sales-heuristic-2026-09
food & beverage,4.5,37,1,1,1,5,0.8814897428768262,6.6,1,proxy:v1-sales-heuristic-2026-09
food & beverage,4.06,1377,0,1,0,3,0.6594062674227185,1.5,0,proxy:v1-sales-heuristic-2026-09
beauty & personal care,4.26,1,0,1,0,4,0.8488001732785717,3.0,1,proxy:v1-sales-heuristic-2026-09
health care,3.48,17,0,1,0,1,0.93433389931256,3.6,1,proxy:v1-sales-heuristic-2026-09
local service business,3.9,17,0,1,0,1,0.876791993563662,2.6,0,proxy:v1-sales-heuristic-2026-09
food & beverage,4.47,87,1,0,1,5,0.8743942229715249,5.3999999999999995,1,proxy:v1-sales-heuristic-2026-09
health care,4.48,138,0,1,0,2,0.7634928303618113,3.6,1,proxy:v1-sales-heuristic-2026-09
beauty & personal care,3.75,4,0,1,1,1,0.7020272645120235,3.0,0,proxy:v1-sales-heuristic-2026-09
automotive,4.24,115,1,1,1,2,0.9325779795667309,6.6,1,proxy:v1-sales-heuristic-2026-09
beauty & personal care,5.0,6,0,0,1,2,0.46373678305113614,1.0,0,proxy:v1-sales-heuristic-2026-09
automotive,4.14,6,0,1,0,3,0.6108887287932497,3.0,0,proxy:v1-sales-heuristic-2026-09
local service business,3.77,2317,0,1,1,6,0.8038589313707245,-0.30000000000000004,0,proxy:v1-sales-heuristic-2026-09
food & beverage,4.05,17,0,1,0,2,0.8355307573451743,3.6,1,proxy:v1-sales-heuristic-2026-09
local service business,4.2,4,0,1,0,4,0.8953826354833796,2.0,0,proxy:v1-sales-heuristic-2026-09
pets,4.07,50,0,1,1,2,0.7582768089218994,3.6,1,proxy:v1-sales-heuristic-2026-09
beauty & personal care,4.13,51,1,0,0,3,0.8856826504075015,5.3999999999999995,1,proxy:v1-sales-heuristic-2026-09
automotive,3.36,78,0,1,1,2,0.8137984935088938,3.6,1,proxy:v1-sales-heuristic-2026-09
local service business,3.62,15,0,1,0,3,0.8746762911495413,2.6,0,proxy:v1-sales-heuristic-2026-09
beauty & personal care,4.07,23,0,1,0,4,0.9587169791586071,3.6,1,proxy:v1-sales-heuristic-2026-09
local service business,4.06,23,0,1,0,4,0.41069512429084365,2.6,0,proxy:v1-sales-heuristic-2026-09
automotive,3.84,157,0,1,0,1,0.5715711471093678,3.6,1,proxy:v1-sales-heuristic-2026-09
fitness,4.05,1,0,1,0,1,0.9514136477032404,3.0,0,proxy:v1-sales-heuristic-2026-09
local service business,4.18,8,0,1,0,2,0.6409706829920155,2.6,0,proxy:v1-sales-heuristic-2026-09
beauty & personal care,4.64,24,0,1,1,6,0.425616466485814,3.6,1,proxy:v1-sales-heuristic-2026-09
beauty & personal care,4.1,7,0,1,0,2,0.4998370572157676,3.0,0,proxy:v1-sales-heuristic-2026-09
local service business,4.37,18,1,1,0,4,0.8804007876161836,5.6,1,proxy:v1-sales-heuristic-2026-09
beauty & personal care,3.85,21,0,1,1,3,0.9295771292870121,3.6,1,proxy:v1-sales-heuristic-2026-09
home services,4.46,11,1,1,1,3,0.5148454865941556,6.6,1,proxy:v1-sales-heuristic-2026-09
home services,4.36,26,1,0,0,1,0.8778710263269659,5.3999999999999995,0,proxy:v1-sales-heuristic-2026-09
beauty & personal care,4.63,2516,0,1,0,3,0.8929364017025976,1.5,0,proxy:v1-sales-heuristic-2026-09
local service business,4.54,18,0,1,1,6,0.6814938455918219,2.6,0,proxy:v1-sales-heuristic-2026-09
local service business,4.47,14,0,0,0,6,0.6540436901359136,1.4,0,proxy:v1-sales-heuristic-2026-09
food & beverage,4.1,20,0,1,0,2,0.5659377186592959,3.6,1,proxy:v1-sales-heuristic-2026-09
local service business,4.28,24,0,1,0,4,0.7386356508674555,2.6,0,proxy:v1-sales-heuristic-2026-09
beauty & personal care,4.73,3,1,1,0,2,0.6400286042536755,5.2,1,proxy:v1-sales-heuristic-2026-09
automotive,3.79,40,0,1,0,6,0.5422873881780876,3.6,1,proxy:v1-sales-heuristic-2026-09
health care,3.8,14,1,1,1,4,0.8287642123959399,6.6,1,proxy:v1-sales-heuristic-2026-09
local service business,4.25,98,1,1,0,6,0.816258416469817,5.6,1,proxy:v1-sales-heuristic-2026-09
automotive,4.38,47,1,0,1,6,0.9234283143143285,5.3999999999999995,0,proxy:v1-sales-heuristic-2026-09
beauty & personal care,3.7,88,0,1,0,2,0.6696980915417481,3.6,1,proxy:v1-sales-heuristic-2026-09
home services,4.11,8,0,1,0,3,0.949531894368966,3.6,1,proxy:v1-sales-heuristic-2026-09
local service business,4.1,16,0,1,0,4,0.7361275886259621,2.6,0,proxy:v1-sales-heuristic-2026-09
automotive,2.93,6,0,1,0,2,0.8762971642738897,2.2,0,proxy:v1-sales-heuristic-2026-09
food & beverage,4.03,11,0,0,0,5,0.8723850362377492,2.4,0,proxy:v1-sales-heuristic-2026-09
legal services,4.06,97,0,1,0,4,0.7153368058156719,3.6,1,proxy:v1-sales-heuristic-2026-09
food & beverage,4.06,125,0,1,1,2,0.7628983646482104,3.6,1,proxy:v1-sales-heuristic-2026-09
beauty & personal care,4.93,6,1,1,0,3,0.62365451648311,5.2,1,proxy:v1-sales-heuristic-2026-09
beauty & personal care,3.48,14,0,1,0,5,0.28978377793943066,3.6,1,proxy:v1-sales-heuristic-2026-09
food & beverage,3.7,22,0,1,0,3,0.7029354102984617,3.6,0,proxy:v1-sales-heuristic-2026-09
home services,2.71,46,1,1,0,5,0.7742991332976801,5.8,1,proxy:v1-sales-heuristic-2026-09
local service business,3.89,3,0,1,0,6,0.9331787031924959,2.0,0,proxy:v1-sales-heuristic-2026-09
fitness,3.93,4,0,1,0,3,0.7209281000211059,3.0,1,proxy:v1-sales-heuristic-2026-09
pets,3.87,42,0,1,1,6,0.8910554652114294,3.6,1,proxy:v1-sales-heuristic-2026-09
local service business,4.76,2,0,1,1,3,0.8060343915539652,1.2,0,proxy:v1-sales-heuristic-2026-09
food & beverage,4.62,15,0,1,0,4,0.7519926916181121,3.6,1,proxy:v1-sales-heuristic-2026-09
food & beverage,4.19,29,1,1,0,5,0.7749950810114836,6.6,1,proxy:v1-sales-heuristic-2026-09
local service business,3.95,38,1,1,0,1,0.9180602790139911,5.6,1,proxy:v1-sales-heuristic-2026-09
beauty & personal care,4.71,20,1,1,0,5,0.7745720342446037,5.8,1,proxy:v1-sales-heuristic-2026-09
pets,4.14,16,0,1,0,4,0.6236415020072692,3.6,1,proxy:v1-sales-heuristic-2026-09
legal services,3.7,62,0,0,0,4,0.9571742878622997,2.4,0,proxy:v1-sales-heuristic-2026-09
automotive,3.21,33,0,1,0,6,0.5831420583148055,3.6,1,proxy:v1-sales-heuristic-2026-09
home services,3.91,12,0,1,0,3,0.6039084299917441,3.6,1,proxy:v1-sales-heuristic-2026-09
beauty & personal care,4.57,2314,1,1,0,6,0.8668051467512127,4.5,1,proxy:v1-sales-heuristic-2026-09
beauty & personal care,5.0,37,0,1,0,4,0.6894139334976603,2.8000000000000003,0,proxy:v1-sales-heuristic-2026-09
home services,4.18,3131,0,1,0,2,0.9566544196683373,1.5,0,proxy:v1-sales-heuristic-2026-09
beauty & personal care,3.73,58,0,0,1,4,0.8273872943732412,2.4,0,proxy:v1-sales-heuristic-2026-09
local service business,3.5,93,0,1,0,2,0.7504476575984503,2.6,0,proxy:v1-sales-heuristic-2026-09
local service business,4.45,12,0,1,1,6,0.9167471794541062,2.6,0,proxy:v1-sales-heuristic-2026-09
local service business,3.18,13,0,1,0,1,0.49517594617667066,1.7999999999999998,0,proxy:v1-sales-heuristic-2026-09
beauty & personal care,4.45,18,0,1,1,3,0.9919171690290172,3.6,1,proxy:v1-sales-heuristic-2026-09
beauty & personal care,4.6,20,0,1,0,5,0.8589842687250164,3.6,1,proxy:v1-sales-heuristic-2026-09
beauty & personal care,4.39,8,0,0,0,1,0.5114696328872271,2.4,0,proxy:v1-sales-heuristic-2026-09
automotive,4.03,98,0,1,0,3,0.8513509930252845,3.6,1,proxy:v1-sales-heuristic-2026-09
local service business,4.46,64,0,1,0,4,0.8117980312180084,2.6,0,proxy:v1-sales-heuristic-2026-09
food & beverage,4.24,17,0,0,1,3,0.7717850847706814,2.4,0,proxy:v1-sales-heuristic-2026-09
beauty & personal care,3.72,49,1,1,1,5,0.5027432316020478,6.6,1,proxy:v1-sales-heuristic-2026-09
local service business,5.0,31,1,1,1,2,0.4629646515673351,4.8,1,proxy:v1-sales-heuristic-2026-09
food & beverage,3.96,54,1,0,0,3,0.6093609336749299,5.3999999999999995,1,proxy:v1-sales-heuristic-2026-09
automotive,4.58,5,0,1,0,2,0.6543679359243838,3.0,0,proxy:v1-sales-heuristic-2026-09
automotive,2.82,20,0,1,1,4,0.7869974165524202,2.8000000000000003,0,proxy:v1-sales-heuristic-2026-09
fitness,4.85,23,1,1,0,6,0.7607173799467751,5.8,1,proxy:v1-sales-heuristic-2026-09
local service business,4.96,48,0,0,1,2,0.9243944947938737,0.6,0,proxy:v1-sales-heuristic-2026-09
beauty & personal care,4.17,12,0,1,0,3,0.7211178939475383,3.6,1,proxy:v1-sales-heuristic-2026-09
local service business,4.46,1,0,1,0,2,0.835020250322244,2.0,0,proxy:v1-sales-heuristic-2026-09
local service business,4.46,7,1,1,0,2,0.6273492941389586,5.0,1,proxy:v1-sales-heuristic-2026-09
local service business,3.8,22,1,0,1,6,0.7985324750246767,4.3999999999999995,1,proxy:v1-sales-heuristic-2026-09
beauty & personal care,4.45,26,0,1,0,5,0.7648499737848874,3.6,1,proxy:v1-sales-heuristic-2026-09
automotive,3.71,156,0,1,0,6,0.529895901742836,3.6,1,proxy:v1-sales-heuristic-2026-09
local service business,3.82,46,0,0,1,4,0.6754384558786284,1.4,0,proxy:v1-sales-heuristic-2026-09
food & beverage,4.77,26,0,1,0,4,0.8962428437217548,2.8000000000000003,0,proxy:v1-sales-heuristic-2026-09
health care,4.69,23,0,1,0,5,0.9030522186572274,3.6,1,proxy:v1-sales-heuristic-2026-09
legal services,3.76,1510,0,1,0,4,0.6805811076667181,1.5,0,proxy:v1-sales-heuristic-2026-09
automotive,3.75,12,0,1,0,5,0.5865841272244241,3.6,1,proxy:v1-sales-heuristic-2026-09
local service business,3.79,21,0,1,0,2,0.8515846403808065,2.6,0,proxy:v1-sales-heuristic-2026-09
local service business,4.55,7,1,1,0,1,0.6929862232459606,5.0,1,proxy:v1-sales-heuristic-2026-09
pets,3.6,116,0,1,0,3,0.9223166571607363,3.6,1,proxy:v1-sales-heuristic-2026-09
home services,4.35,37,1,1,0,1,0.749478642098954,6.6,1,proxy:v1-sales-heuristic-2026-09
local service business,4.56,11,0,1,0,1,0.6340762416228547,2.6,0,proxy:v1-sales-heuristic-2026-09
home services,4.1,21,1,1,0,1,0.737246869013809,6.6,1,proxy:v1-sales-heuristic-2026-09
legal services,4.71,42,0,0,0,1,0.7461650974692273,1.6,0,proxy:v1-sales-heuristic-2026-09
local service business,3.98,18,0,1,0,5,0.8621004512675646,2.6,0,proxy:v1-sales-heuristic-2026-09
legal services,4.03,13,1,1,1,4,0.3785038624304214,6.6,1,proxy:v1-sales-heuristic-2026-09
beauty & personal care,3.61,11,1,1,1,6,0.863754346963742,6.6,1,proxy:v1-sales-heuristic-2026-09
automotive,4.71,35,0,1,0,2,0.8269112088595061,2.8000000000000003,0,proxy:v1-sales-heuristic-2026-09
beauty & personal care,3.73,16,0,1,0,2,0.9309013654629201,3.6,1,proxy:v1-sales-heuristic-2026-09
home services,4.34,14,0,1,1,3,0.2811545519564645,3.6,1,proxy:v1-sales-heuristic-2026-09
home services,4.11,5,0,0,0,5,0.8479650261688368,1.8,0,proxy:v1-sales-heuristic-2026-09
health care,3.57,26,1,1,0,6,0.7947365979373608,6.6,1,proxy:v1-sales-heuristic-2026-09
food & beverage,3.81,20,0,1,0,5,0.6872989524209702,3.6,1,proxy:v1-sales-heuristic-2026-09
local service business,4.91,17,0,1,0,4,0.8399400214854006,1.7999999999999998,0,proxy:v1-sales-heuristic-2026-09
local service business,4.26,30,0,1,0,6,0.8007389147476324,2.6,0,proxy:v1-sales-heuristic-2026-09
beauty & personal care,3.59,55,0,1,0,2,0.7945818761675241,3.6,1,proxy:v1-sales-heuristic-2026-09
legal services,4.32,53,0,1,1,3,0.9189593507177747,3.6,1,proxy:v1-sales-heuristic-2026-09
fitness,4.07,45,0,1,0,2,0.6490963859545688,3.6,1,proxy:v1-sales-heuristic-2026-09
home services,5.0,2367,0,1,0,1,0.7960112151251533,-0.2999999999999998,0,proxy:v1-sales-heuristic-2026-09
beauty & personal care,4.31,3079,0,1,0,3,0.9825389802867317,1.5,0,proxy:v1-sales-heuristic-2026-09
local service business,3.94,7,0,1,0,5,0.821005793402071,2.0,0,proxy:v1-sales-heuristic-2026-09
local service business,4.93,12,0,1,0,2,0.7677564885825282,1.7999999999999998,0,proxy:v1-sales-heuristic-2026-09
pets,3.14,1216,0,1,1,5,0.9217960750539755,0.7000000000000002,0,proxy:v1-sales-heuristic-2026-09
local service business,4.2,10,0,1,1,4,0.8340647039736415,2.6,0,proxy:v1-sales-heuristic-2026-09
local service business,5.0,27,0,1,1,5,0.9316904611960386,1.7999999999999998,0,proxy:v1-sales-heuristic-2026-09
food & beverage,4.09,8,0,1,0,2,0.8331389052135421,3.6,0,proxy:v1-sales-heuristic-2026-09
fitness,3.2,3,0,0,0,6,0.6221223357474234,1.8,0,proxy:v1-sales-heuristic-2026-09
home services,3.93,60,0,1,1,2,0.8358762259018687,3.6,1,proxy:v1-sales-heuristic-2026-09
local service business,4.95,14,0,1,1,3,0.9188575642348613,1.7999999999999998,0,proxy:v1-sales-heuristic-2026-09
automotive,4.36,9,0,0,0,5,0.8356674519480274,2.4,0,proxy:v1-sales-heuristic-2026-09
food & beverage,3.69,7,0,1,1,5,0.8153284749391707,3.0,1,proxy:v1-sales-heuristic-2026-09
local service business,3.77,1416,0,1,1,2,0.8014416130609026,-0.30000000000000004,0,proxy:v1-sales-heuristic-2026-09
beauty & personal care,3.84,742,0,1,1,2,0.8180191443077471,3.0,0,proxy:v1-sales-heuristic-2026-09
local service business,4.35,15,0,1,0,3,0.8968121277529735,2.6,0,proxy:v1-sales-heuristic-2026-09
food & beverage,4.89,19,0,1,0,3,0.7365115056559736,2.8000000000000003,0,proxy:v1-sales-heuristic-2026-09
local service business,4.73,79,1,1,0,1,0.6695975005555652,4.8,1,proxy:v1-sales-heuristic-2026-09
local service business,4.4,3,0,1,1,2,0.9712825133814653,2.0,0,proxy:v1-sales-heuristic-2026-09
food & beverage,3.42,213,0,1,1,1,0.8804538234899537,3.6,1,proxy:v1-sales-heuristic-2026-09
local service business,3.42,360,0,0,0,1,0.9782547931759185,0.0,0,proxy:v1-sales-heuristic-2026-09
food & beverage,4.44,1,0,1,0,3,0.9900642216595499,3.0,0,proxy:v1-sales-heuristic-2026-09
health care,3.41,1687,0,0,0,1,0.6977507233960423,0.30000000000000004,0,proxy:v1-sales-heuristic-2026-09
fitness,4.03,11,0,1,0,5,0.8075869954422238,3.6,1,proxy:v1-sales-heuristic-2026-09
local service business,4.32,18,0,1,0,5,0.6981800357374304,2.6,0,proxy:v1-sales-heuristic-2026-09
automotive,3.52,15,1,0,0,2,0.6342322080781733,5.3999999999999995,1,proxy:v1-sales-heuristic-2026-09
beauty & personal care,3.59,59,0,1,0,6,0.7312642677769055,3.6,1,proxy:v1-sales-heuristic-2026-09
pets,4.1,21,0,1,1,4,0.3842059487715379,3.6,1,proxy:v1-sales-heuristic-2026-09
health care,4.43,9,0,1,1,2,0.8140347026264741,3.6,0,proxy:v1-sales-heuristic-2026-09
home services,4.73,20,0,1,0,2,0.8389157139768417,2.8000000000000003,1,proxy:v1-sales-heuristic-2026-09
automotive,4.48,43,1,1,0,3,0.8241880298120585,6.6,1,proxy:v1-sales-heuristic-2026-09
food & beverage,4.19,6,0,0,0,6,0.5005152397766521,1.8,0,proxy:v1-sales-heuristic-2026-09
local service business,3.74,4,0,1,1,1,0.6790071288866142,2.0,0,proxy:v1-sales-heuristic-2026-09
automotive,3.56,219,0,1,1,1,0.7533711835902418,3.6,1,proxy:v1-sales-heuristic-2026-09
food & beverage,3.87,12,0,1,0,3,0.9373260815026976,3.6,1,proxy:v1-sales-heuristic-2026-09
local service business,4.38,21,0,1,0,6,0.8720469354588587,2.6,0,proxy:v1-sales-heuristic-2026-09
automotive,4.34,15,1,1,0,2,0.8665958039007385,6.6,0,proxy:v1-sales-heuristic-2026-09
legal services,3.0,44,1,1,0,5,0.5963849630497412,5.8,0,proxy:v1-sales-heuristic-2026-09
beauty & personal care,3.72,172,0,1,0,4,0.7881090168980034,3.6,1,proxy:v1-sales-heuristic-2026-09
local service business,4.81,46,1,1,0,2,0.7678780577845576,4.8,1,proxy:v1-sales-heuristic-2026-09
legal services,4.19,4,0,1,0,6,0.8627408260340332,3.0,0,proxy:v1-sales-heuristic-2026-09
local service business,3.37,5,0,1,1,1,0.5592683429861661,2.0,0,proxy:v1-sales-heuristic-2026-09
beauty & personal care,5.0,15,0,1,0,4,0.9017741221288329,2.8000000000000003,0,proxy:v1-sales-heuristic-2026-09
home services,4.13,18,0,1,0,4,0.8547141315420325,3.6,1,proxy:v1-sales-heuristic-2026-09
local service business,4.36,3,0,1,0,5,0.7650372739338756,2.0,0,proxy:v1-sales-heuristic-2026-09
beauty & personal care,4.37,60,1,1,0,6,0.9642866189660233,6.6,1,proxy:v1-sales-heuristic-2026-09
beauty & personal care,3.95,7,0,1,1,5,0.7501599621289821,3.0,0,proxy:v1-sales-heuristic-2026-09
automotive,3.75,126,0,1,0,4,0.8358572243049122,3.6,0,proxy:v1-sales-heuristic-2026-09
local service business,5.0,181,0,1,0,1,0.9625817143818804,1.7999999999999998,0,proxy:v1-sales-heuristic-2026-09
pets,4.7,18,0,0,1,2,0.6497418684935712,2.4,0,proxy:v1-sales-heuristic-2026-09
fitness,4.6,39,1,0,0,3,0.9631862206196461,5.3999999999999995,1,proxy:v1-sales-heuristic-2026-09
legal services,4.47,6,0,1,1,3,0.8745927333049909,3.0,0,proxy:v1-sales-heuristic-2026-09
home services,3.6,48,1,0,0,1,0.9091003554360562,5.3999999999999995,1,proxy:v1-sales-heuristic-2026-09
home services,4.85,14,1,1,0,1,0.988467877591447,5.8,1,proxy:v1-sales-heuristic-2026-09
home services,3.69,7,1,1,1,3,0.9573269664202564,6.0,1,proxy:v1-sales-heuristic-2026-09
fitness,4.31,17,0,1,0,5,0.9861453847268736,3.6,1,proxy:v1-sales-heuristic-2026-09
beauty & personal care,3.25,14,0,1,0,6,0.6372012910023006,3.6,1,proxy:v1-sales-heuristic-2026-09
local service business,3.03,17,0,1,0,6,0.8309423452534647,1.7999999999999998,0,proxy:v1-sales-heuristic-2026-09
local service business,4.33,69,1,0,0,3,0.962288298858547,4.3999999999999995,1,proxy:v1-sales-heuristic-2026-09
food & beverage,3.7,10,0,1,1,6,0.7054119005800763,3.6,0,proxy:v1-sales-heuristic-2026-09
health care,3.06,165,0,1,0,3,0.7722996329065732,2.8000000000000003,0,proxy:v1-sales-heuristic-2026-09
automotive,4.45,5,0,1,0,3,0.983250327612,3.0,0,proxy:v1-sales-heuristic-2026-09
local service business,5.0,729,0,1,1,2,0.6950322347062963,-0.6000000000000001,0,proxy:v1-sales-heuristic-2026-09
local service business,4.91,8,0,1,0,4,0.9296011743594553,1.7999999999999998,0,proxy:v1-sales-heuristic-2026-09
local service business,4.01,24,0,1,1,2,0.8462061556751631,2.6,0,proxy:v1-sales-heuristic-2026-09
food & beverage,4.15,14,0,1,1,3,0.8360574182483935,3.6,1,proxy:v1-sales-heuristic-2026-09
automotive,4.64,16,0,1,0,6,0.7435578251435488,3.6,1,proxy:v1-sales-heuristic-2026-09
beauty & personal care,4.77,59,1,1,0,4,0.766216740813785,5.8,1,proxy:v1-sales-heuristic-2026-09
automotive,3.96,127,0,1,0,2,0.8564405155383548,3.6,1,proxy:v1-sales-heuristic-2026-09
automotive,4.17,90,1,1,0,5,0.6136236400078119,6.6,1,proxy:v1-sales-heuristic-2026-09
automotive,4.32,15,0,1,1,5,0.8554372234161145,3.6,1,proxy:v1-sales-heuristic-2026-09
local service business,4.45,30,0,1,0,4,0.8126553764570655,2.6,0,proxy:v1-sales-heuristic-2026-09
automotive,4.08,10,0,1,1,1,0.7637826175992097,3.6,1,proxy:v1-sales-heuristic-2026-09
automotive,4.08,8,0,1,1,2,0.4762916067612827,3.6,1,proxy:v1-sales-heuristic-2026-09
local service business,4.91,6,0,1,1,1,0.9572479687996728,1.2,0,proxy:v1-sales-heuristic-2026-09
health care,4.82,15,0,1,1,6,0.694443593071209,2.8000000000000003,0,proxy:v1-sales-heuristic-2026-09
local service business,4.41,32,1,1,0,2,0.8266492386029575,5.6,1,proxy:v1-sales-heuristic-2026-09
fitness,5.0,2,1,1,0,3,0.8758256346988884,5.2,1,proxy:v1-sales-heuristic-2026-09
local service business,3.94,23,0,0,0,6,0.936557753491481,1.4,0,proxy:v1-sales-heuristic-2026-09
fitness,5.0,130,1,1,0,6,0.8509279662171091,5.8,1,proxy:v1-sales-heuristic-2026-09
home services,4.45,84,1,0,1,2,0.7931829168475897,5.3999999999999995,1,proxy:v1-sales-heuristic-2026-09
pets,5.0,12,0,1,0,6,0.8206139422880044,2.8000000000000003,0,proxy:v1-sales-heuristic-2026-09
home services,3.49,5,0,0,0,5,0.40662446529340607,1.8,0,proxy:v1-sales-heuristic-2026-09
food & beverage,3.77,40,0,1,0,4,0.9456609867354857,3.6,1,proxy:v1-sales-heuristic-2026-09
home services,4.38,1,0,1,0,2,0.955254002121173,3.0,0,proxy:v1-sales-heuristic-2026-09
automotive,4.37,83,0,1,1,5,0.7851464616445967,3.6,1,proxy:v1-sales-heuristic-2026-09
local service business,5.0,19,0,1,0,4,0.5747220477680347,1.7999999999999998,0,proxy:v1-sales-heuristic-2026-09
beauty & personal care,3.78,183,1,1,0,3,0.6148594744248155,6.6,1,proxy:v1-sales-heuristic-2026-09
automotive,4.65,3,1,1,1,4,0.3773650690291027,6.0,1,proxy:v1-sales-heuristic-2026-09
beauty & personal care,4.79,67,1,1,0,2,0.9421231170135371,5.8,1,proxy:v1-sales-heuristic-2026-09
local service business,4.54,21,0,0,0,4,0.7611510323577917,1.4,0,proxy:v1-sales-heuristic-2026-09
food & beverage,3.62,17,0,1,0,1,0.7128482259834185,3.6,1,proxy:v1-sales-heuristic-2026-09
pets,4.92,5,0,1,0,2,0.920082990905913,2.2,0,proxy:v1-sales-heuristic-2026-09
local service business,4.83,2764,0,1,0,3,0.5343606915722826,-1.1,0,proxy:v1-sales-heuristic-2026-09
automotive,4.48,857,0,1,0,1,0.8003318375598584,1.5,0,proxy:v1-sales-heuristic-2026-09
legal services,4.26,174,1,0,0,6,0.9979639408540645,5.3999999999999995,1,proxy:v1-sales-heuristic-2026-09
food & beverage,4.27,74,0,1,0,6,0.5495951738255865,3.6,1,proxy:v1-sales-heuristic-2026-09
beauty & personal care,4.11,12,1,1,1,3,0.8954013645833432,6.6,1,proxy:v1-sales-heuristic-2026-09
pets,4.5,8,0,1,0,4,0.7505057456961327,3.6,1,proxy:v1-sales-heuristic-2026-09
local service business,4.17,5,0,1,0,2,0.5327411306548403,2.0,0,proxy:v1-sales-heuristic-2026-09
beauty & personal care,3.68,124,0,1,0,2,0.9451946890886121,3.6,1,proxy:v1-sales-heuristic-2026-09
health care,3.57,10,0,1,0,6,0.85383010581042,3.6,1,proxy:v1-sales-heuristic-2026-09
beauty & personal care,3.74,124,0,1,0,3,0.6517923780316491,3.6,1,proxy:v1-sales-heuristic-2026-09
health care,4.27,43,0,1,0,6,0.9892619231365176,3.6,1,proxy:v1-sales-heuristic-2026-09
fitness,4.14,35,1,1,1,1,0.9083023275614246,6.6,1,proxy:v1-sales-heuristic-2026-09
health care,4.27,17,0,1,1,1,0.7424546661776309,3.6,1,proxy:v1-sales-heuristic-2026-09
fitness,4.43,50,1,1,0,3,0.8011160767438423,6.6,1,proxy:v1-sales-heuristic-2026-09
automotive,3.8,24,0,1,0,5,0.6759692405505578,3.6,1,proxy:v1-sales-heuristic-2026-09
pets,4.96,16,1,1,0,3,0.4505987105108697,5.8,1,proxy:v1-sales-heuristic-2026-09
fitness,4.0,52,0,1,0,6,0.6468374966709004,3.6,1,proxy:v1-sales-heuristic-2026-09
pets,3.91,20,0,1,0,1,0.5831246278435366,3.6,1,proxy:v1-sales-heuristic-2026-09
automotive,4.42,10,1,1,1,6,0.36082243907105654,6.6,1,proxy:v1-sales-heuristic-2026-09
home services,3.14,47,1,1,0,3,0.5441127730266604,5.8,1,proxy:v1-sales-heuristic-2026-09
food & beverage,3.72,22,0,1,0,2,0.8069209754797296,3.6,1,proxy:v1-sales-heuristic-2026-09
automotive,4.69,42,0,1,1,4,0.47432198910837114,3.6,1,proxy:v1-sales-heuristic-2026-09
beauty & personal care,3.19,14,0,1,1,5,0.34511653483191956,2.8000000000000003,0,proxy:v1-sales-heuristic-2026-09
home services,4.76,6,1,1,0,6,0.5752885605387439,5.2,1,proxy:v1-sales-heuristic-2026-09
legal services,4.98,165,0,1,0,1,0.5216456957672063,2.8000000000000003,0,proxy:v1-sales-heuristic-2026-09
beauty & personal care,3.95,134,0,1,0,5,0.698230585802221,3.6,1,proxy:v1-sales-heuristic-2026-09
local service business,4.31,64,0,1,0,2,0.8903741184749444,2.6,0,proxy:v1-sales-heuristic-2026-09
health care,4.77,16,0,1,0,4,0.8393599686919522,2.8000000000000003,0,proxy:v1-sales-heuristic-2026-09
legal services,3.89,17,0,1,1,3,0.796984201149604,3.6,1,proxy:v1-sales-heuristic-2026-09
home services,4.63,112,0,1,0,5,0.7967204972854494,3.6,1,proxy:v1-sales-heuristic-2026-09
home services,3.78,16,1,1,1,3,0.988320018065564,6.6,1,proxy:v1-sales-heuristic-2026-09
health care,3.89,12,0,1,0,2,0.8593232721095583,3.6,0,proxy:v1-sales-heuristic-2026-09
local service business,3.71,192,0,1,1,3,0.8841820261456667,2.6,0,proxy:v1-sales-heuristic-2026-09
home services,4.34,23,1,1,0,5,0.7064167706409893,6.6,1,proxy:v1-sales-heuristic-2026-09
home services,4.79,171,0,1,0,6,0.7416196679700489,2.8000000000000003,0,proxy:v1-sales-heuristic-2026-09
health care,4.05,5,0,1,0,1,0.8839741761728664,3.0,0,proxy:v1-sales-heuristic-2026-09
legal services,3.45,43,0,1,0,4,0.855999424842252,3.6,1,proxy:v1-sales-heuristic-2026-09
automotive,3.55,239,0,1,0,1,0.7620346524575886,3.6,1,proxy:v1-sales-heuristic-2026-09
home services,4.37,25,0,1,0,4,0.6506810961745984,3.6,1,proxy:v1-sales-heuristic-2026-09
home services,5.0,18,0,1,1,4,0.7264729809956012,2.8000000000000003,0,proxy:v1-sales-heuristic-2026-09
local service business,4.37,6,1,1,1,6,0.8331895155945827,5.0,1,proxy:v1-sales-heuristic-2026-09
home services,3.94,2608,0,1,1,2,0.8436670249805167,1.5,0,proxy:v1-sales-heuristic-2026-09
home services,4.57,10,0,0,1,5,0.8929887769849598,2.4,0,proxy:v1-sales-heuristic-2026-09
local service business,4.02,22,1,1,1,5,0.5599369300080574,5.6,1,proxy:v1-sales-heuristic-2026-09
home services,3.94,6,1,1,0,4,0.9677729219790052,6.0,1,proxy:v1-sales-heuristic-2026-09
beauty & personal care,3.62,135,0,1,0,4,0.7462492188588409,3.6,1,proxy:v1-sales-heuristic-2026-09
beauty & personal care,4.92,87,0,0,0,4,0.95243859117856,1.6,0,proxy:v1-sales-heuristic-2026-09
automotive,2.75,23,0,1,1,1,0.8936332557171655,2.8000000000000003,0,proxy:v1-sales-heuristic-2026-09
automotive,4.59,6,0,1,0,5,0.46601006335265255,3.0,0,proxy:v1-sales-heuristic-2026-09
home services,3.89,132,0,1,1,3,0.9710498567759955,3.6,1,proxy:v1-sales-heuristic-2026-09
legal services,3.92,16,0,1,0,1,0.5092981659876272,3.6,1,proxy:v1-sales-heuristic-2026-09
legal services,5.0,7,1,1,0,4,0.9108686835800296,5.2,1,proxy:v1-sales-heuristic-2026-09
automotive,3.76,2281,1,1,1,6,0.7735756237113797,4.5,1,proxy:v1-sales-heuristic-2026-09
health care,3.78,12,0,1,1,5,0.7794160485211354,3.6,1,proxy:v1-sales-heuristic-2026-09
automotive,4.08,4,0,1,0,2,0.6288662370609517,3.0,0,proxy:v1-sales-heuristic-2026-09
local service business,4.38,12,0,1,0,5,0.9745868846888516,2.6,0,proxy:v1-sales-heuristic-2026-09
automotive,3.91,55,0,1,0,6,0.9519711331258199,3.6,1,proxy:v1-sales-heuristic-2026-09
fitness,3.28,16,0,1,1,2,0.8657043323416906,3.6,1,proxy:v1-sales-heuristic-2026-09
food & beverage,3.67,36,0,1,1,4,0.25921627758763266,3.6,1,proxy:v1-sales-heuristic-2026-09
fitness,4.85,11,0,0,0,6,0.6460442371112515,1.6,0,proxy:v1-sales-heuristic-2026-09
food & beverage,4.19,26,1,1,0,1,0.828352632836461,6.6,1,proxy:v1-sales-heuristic-2026-09
legal services,4.4,202,0,0,1,3,0.8923658492957854,2.4,0,proxy:v1-sales-heuristic-2026-09
beauty & personal care,4.01,16,0,1,1,3,0.6160102329634964,3.6,1,proxy:v1-sales-heuristic-2026-09
local service business,3.79,37,0,1,0,1,0.6407839295218926,2.6,0,proxy:v1-sales-heuristic-2026-09
home services,5.0,4,0,1,0,2,0.42912117381123843,2.2,0,proxy:v1-sales-heuristic-2026-09
legal services,4.05,130,0,1,1,4,0.5667052769671855,3.6,1,proxy:v1-sales-heuristic-2026-09
local service business,3.91,14,1,1,0,2,0.8634016812138671,5.6,0,proxy:v1-sales-heuristic-2026-09
local service business,4.75,77,0,1,0,2,0.7611989788653436,1.7999999999999998,0,proxy:v1-sales-heuristic-2026-09
beauty & personal care,3.75,21,1,1,0,2,0.8537830775924323,6.6,1,proxy:v1-sales-heuristic-2026-09
beauty & personal care,3.82,48,0,1,1,1,0.9110816045312208,3.6,1,proxy:v1-sales-heuristic-2026-09
beauty & personal care,4.16,51,0,1,0,4,0.6463061364421221,3.6,1,proxy:v1-sales-heuristic-2026-09
beauty & personal care,4.15,14,1,1,1,2,0.6805966000282637,6.6,1,proxy:v1-sales-heuristic-2026-09
health care,4.29,81,0,1,0,4,0.8211820437455994,3.6,1,proxy:v1-sales-heuristic-2026-09
local service business,5.0,10,1,1,0,5,0.8484120659094336,4.8,1,proxy:v1-sales-heuristic-2026-09
local service business,4.33,57,0,1,0,3,0.6643533005044189,2.6,0,proxy:v1-sales-heuristic-2026-09
home services,2.84,15,0,1,0,6,0.7407936348998383,2.8000000000000003,0,proxy:v1-sales-heuristic-2026-09
fitness,4.33,36,0,1,0,2,0.9948413854581911,3.6,1,proxy:v1-sales-heuristic-2026-09
local service business,4.17,14,0,1,1,6,0.5924277141952129,2.6,0,proxy:v1-sales-heuristic-2026-09
local service business,4.17,25,1,1,1,2,0.961739908315009,5.6,1,proxy:v1-sales-heuristic-2026-09
beauty & personal care,4.29,7,0,1,1,2,0.9098193413719082,3.0,0,proxy:v1-sales-heuristic-2026-09
home services,4.13,32,0,1,0,6,0.7699682938804652,3.6,1,proxy:v1-sales-heuristic-2026-09
local service business,4.12,25,0,1,1,3,0.7601160417480832,2.6,0,proxy:v1-sales-heuristic-2026-09
food & beverage,4.49,13,0,1,0,5,0.9858197937367155,3.6,1,proxy:v1-sales-heuristic-2026-09
home services,3.85,23,0,1,0,5,0.9317201650535573,3.6,1,proxy:v1-sales-heuristic-2026-09
local service business,3.63,28,0,1,0,3,0.7995610820298144,2.6,1,proxy:v1-sales-heuristic-2026-09
local service business,5.0,12,0,1,0,2,0.9528959377299381,1.7999999999999998,0,proxy:v1-sales-heuristic-2026-09
local service business,3.76,21,0,0,0,3,0.7685348166809401,1.4,0,proxy:v1-sales-heuristic-2026-09
local service business,4.21,8,1,1,0,3,0.6060515430123807,5.6,1,proxy:v1-sales-heuristic-2026-09
beauty & personal care,3.33,323,1,0,0,3,0.7987847484411372,4.8,1,proxy:v1-sales-heuristic-2026-09
food & beverage,4.21,78,0,1,0,2,0.8366912953841366,3.6,1,proxy:v1-sales-heuristic-2026-09
health care,3.64,33,0,1,1,6,0.7965908977526924,3.6,1,proxy:v1-sales-heuristic-2026-09
health care,3.91,89,0,1,1,4,0.9776023637962663,3.6,1,proxy:v1-sales-heuristic-2026-09
home services,4.72,2,0,1,0,5,0.9266898739373272,2.2,0,proxy:v1-sales-heuristic-2026-09
fitness,4.41,1,0,0,0,4,0.9624972467234745,1.8,0,proxy:v1-sales-heuristic-2026-09
food & beverage,4.46,15,0,1,0,3,0.9048696873509738,3.6,1,proxy:v1-sales-heuristic-2026-09
legal services,3.18,5,0,1,0,2,0.8553499170164502,2.2,0,proxy:v1-sales-heuristic-2026-09
food & beverage,5.0,18,0,1,0,6,0.4179526809123281,2.8000000000000003,0,proxy:v1-sales-heuristic-2026-09
food & beverage,3.49,30,1,1,0,1,0.7599468506114968,6.6,1,proxy:v1-sales-heuristic-2026-09
automotive,4.99,67,0,1,0,2,0.6539221060946308,2.8000000000000003,0,proxy:v1-sales-heuristic-2026-09
beauty & personal care,4.71,7,0,1,0,5,0.880160855320931,2.2,0,proxy:v1-sales-heuristic-2026-09
local service business,4.47,38,1,1,0,4,0.7739092119736491,5.6,1,proxy:v1-sales-heuristic-2026-09
home services,3.68,24,0,1,1,4,0.819085891635159,3.6,1,proxy:v1-sales-heuristic-2026-09
beauty & personal care,4.23,3464,0,1,1,1,0.861813507891199,1.5,0,proxy:v1-sales-heuristic-2026-09
legal services,3.89,13,0,1,0,2,0.6640497681879725,3.6,1,proxy:v1-sales-heuristic-2026-09
health care,4.17,112,0,1,0,4,0.8965083823498213,3.6,1,proxy:v1-sales-heuristic-2026-09
automotive,4.01,21,0,1,0,2,0.7832588779017259,3.6,1,proxy:v1-sales-heuristic-2026-09
food & beverage,3.03,172,0,1,0,3,0.8644210813474061,2.8000000000000003,0,proxy:v1-sales-heuristic-2026-09
automotive,4.77,10,1,1,1,6,0.6989648578965022,5.8,1,proxy:v1-sales-heuristic-2026-09
fitness,4.11,55,0,1,0,4,0.5801178522336844,3.6,1,proxy:v1-sales-heuristic-2026-09
beauty & personal care,3.88,22,1,1,0,4,0.7138189583424581,6.6,1,proxy:v1-sales-heuristic-2026-09
automotive,3.84,17,0,1,0,2,0.5659473563188092,3.6,1,proxy:v1-sales-heuristic-2026-09
automotive,4.35,49,0,1,1,4,0.6253992772630881,3.6,1,proxy:v1-sales-heuristic-2026-09
health care,3.66,17,0,0,0,6,0.9012430155181754,2.4,0,proxy:v1-sales-heuristic-2026-09
automotive,2.91,1,1,1,0,4,0.9166687522710844,5.2,1,proxy:v1-sales-heuristic-2026-09
local service business,4.37,0,0,1,0,5,0.6931006877443763,2.0,1,proxy:v1-sales-heuristic-2026-09
automotive,4.44,99,0,0,0,6,0.9461598259560146,2.4,0,proxy:v1-sales-heuristic-2026-09
health care,4.04,94,0,1,0,6,0.819682681520567,3.6,1,proxy:v1-sales-heuristic-2026-09
home services,3.52,195,0,1,1,3,0.709751248312988,3.6,1,proxy:v1-sales-heuristic-2026-09
home services,4.2,24,1,1,1,2,0.7353603017209672,6.6,1,proxy:v1-sales-heuristic-2026-09
automotive,3.34,5,0,1,0,2,0.878244708037372,3.0,0,proxy:v1-sales-heuristic-2026-09
local service business,3.59,15,0,0,1,5,0.9377038553563432,1.4,0,proxy:v1-sales-heuristic-2026-09
local service business,3.74,24,0,1,0,3,0.8433485039883859,2.6,0,proxy:v1-sales-heuristic-2026-09
automotive,4.61,8,1,0,1,5,0.48769856839643827,5.3999999999999995,0,proxy:v1-sales-heuristic-2026-09
automotive,3.95,150,0,1,1,5,0.8774771539930193,3.6,1,proxy:v1-sales-heuristic-2026-09
local service business,3.9,288,0,1,0,4,0.5001577146638926,1.2,0,proxy:v1-sales-heuristic-2026-09
health care,5.0,41,0,1,1,1,0.47763673980026533,2.8000000000000003,0,proxy:v1-sales-heuristic-2026-09
automotive,4.34,24,0,0,0,5,0.39055395853468144,2.4,0,proxy:v1-sales-heuristic-2026-09
beauty & personal care,4.34,5,1,0,1,2,0.9057721244193675,4.8,1,proxy:v1-sales-heuristic-2026-09
fitness,3.95,134,1,1,1,4,0.882821804613109,6.6,0,proxy:v1-sales-heuristic-2026-09
pets,3.82,26,0,1,1,2,0.3831252928981336,3.6,1,proxy:v1-sales-heuristic-2026-09
health care,2.95,17,0,1,1,1,0.9116902237116495,2.8000000000000003,0,proxy:v1-sales-heuristic-2026-09
local service business,4.68,41,1,1,0,4,0.871650233210583,5.6,1,proxy:v1-sales-heuristic-2026-09
home services,4.4,12,0,1,0,3,0.48275898033271586,3.6,0,proxy:v1-sales-heuristic-2026-09
food & beverage,4.05,28,0,0,0,4,0.9648840130535883,2.4,0,proxy:v1-sales-heuristic-2026-09
home services,4.07,5,1,1,1,3,0.6884214970219591,6.0,1,proxy:v1-sales-heuristic-2026-09
food & beverage,4.55,1609,0,1,1,3,0.9226293563499811,1.5,0,proxy:v1-sales-heuristic-2026-09
beauty & personal care,3.29,21,0,0,1,1,0.9074184298075059,2.4,1,proxy:v1-sales-heuristic-2026-09
automotive,3.83,87,0,1,0,2,0.7794984332854547,3.6,1,proxy:v1-sales-heuristic-2026-09
food & beverage,3.53,19,0,1,1,6,0.735146096837754,3.6,1,proxy:v1-sales-heuristic-2026-09
pets,5.0,21,0,1,1,5,0.5627747730513133,2.8000000000000003,1,proxy:v1-sales-heuristic-2026-09
automotive,4.63,6,0,1,0,3,0.9749541948101421,3.0,0,proxy:v1-sales-heuristic-2026-09
home services,2.94,56,1,1,0,1,0.6540698714172676,5.8,1,proxy:v1-sales-heuristic-2026-09
fitness,3.32,1599,0,1,0,6,0.6219736745386726,1.5,0,proxy:v1-sales-heuristic-2026-09
health care,4.08,14,1,1,1,5,0.8695458170010071,6.6,1,proxy:v1-sales-heuristic-2026-09
local service business,3.89,24,0,1,0,1,0.7930425065001511,2.6,0,proxy:v1-sales-heuristic-2026-09
local service business,3.42,28,1,1,1,2,0.8530978753167061,5.6,1,proxy:v1-sales-heuristic-2026-09
pets,5.0,3,0,1,0,2,0.7830542122730364,2.2,0,proxy:v1-sales-heuristic-2026-09
automotive,4.32,19,0,1,0,6,0.8004762166723367,3.6,1,proxy:v1-sales-heuristic-2026-09
home services,4.41,58,1,1,1,6,0.8619150044987584,6.6,1,proxy:v1-sales-heuristic-2026-09
health care,3.77,16,0,1,0,3,0.7698092179500228,3.6,1,proxy:v1-sales-heuristic-2026-09
beauty & personal care,4.55,19,1,0,0,2,0.4164603483485502,5.3999999999999995,1,proxy:v1-sales-heuristic-2026-09
automotive,3.94,29,0,1,0,4,0.8792776064981634,3.6,1,proxy:v1-sales-heuristic-2026-09
beauty & personal care,3.99,21,0,1,1,2,0.33360397079718473,3.6,1,proxy:v1-sales-heuristic-2026-09
home services,4.49,7,0,1,0,1,0.5595724527629069,3.0,0,proxy:v1-sales-heuristic-2026-09
food & beverage,3.25,1305,0,0,1,2,0.805423730681832,0.30000000000000004,0,proxy:v1-sales-heuristic-2026-09
automotive,5.0,73,1,0,0,2,0.8694368504642528,4.6,1,proxy:v1-sales-heuristic-2026-09
local service business,4.25,7,0,1,1,1,0.7786902700241791,2.0,1,proxy:v1-sales-heuristic-2026-09
local service business,4.85,16,0,1,1,5,0.7733745578115249,1.7999999999999998,1,proxy:v1-sales-heuristic-2026-09
beauty & personal care,3.56,5,1,1,0,3,0.8518036698103908,6.0,0,proxy:v1-sales-heuristic-2026-09
local service business,3.64,69,0,1,0,4,0.9008955236299804,2.6,0,proxy:v1-sales-heuristic-2026-09
automotive,3.51,22,1,1,0,4,0.6513135187065661,6.6,1,proxy:v1-sales-heuristic-2026-09
local service business,4.29,9,0,1,0,5,0.9256479700481005,2.6,0,proxy:v1-sales-heuristic-2026-09
local service business,4.19,27,1,1,0,5,0.765887586599508,5.6,1,proxy:v1-sales-heuristic-2026-09
automotive,3.89,6,0,0,0,4,0.9269805910823913,1.8,0,proxy:v1-sales-heuristic-2026-09
legal services,3.59,7,1,1,1,6,0.6282310796159634,6.0,1,proxy:v1-sales-heuristic-2026-09
local service business,3.45,4,1,1,1,4,0.8989741215435929,5.0,1,proxy:v1-sales-heuristic-2026-09
local service business,4.12,7,0,1,0,1,0.3380838250712751,2.0,0,proxy:v1-sales-heuristic-2026-09
local service business,3.89,109,0,1,1,6,0.8935062123692709,2.6,0,proxy:v1-sales-heuristic-2026-09
health care,3.77,10,0,1,0,5,0.5844116243834375,3.6,1,proxy:v1-sales-heuristic-2026-09
automotive,5.0,40,0,1,0,3,0.7693160412309253,2.8000000000000003,0,proxy:v1-sales-heuristic-2026-09
local service business,4.1,9,0,1,1,3,0.9371382443001017,2.6,0,proxy:v1-sales-heuristic-2026-09
health care,4.85,56,0,1,0,6,0.9606829017314278,2.8000000000000003,0,proxy:v1-sales-heuristic-2026-09
health care,3.86,7,0,1,0,3,0.8049626041845835,3.0,0,proxy:v1-sales-heuristic-2026-09
food & beverage,4.28,25,0,1,0,3,0.9490408580288154,3.6,1,proxy:v1-sales-heuristic-2026-09
health care,4.12,26,0,1,0,5,0.8398474325436877,3.6,0,proxy:v1-sales-heuristic-2026-09
automotive,3.22,317,0,1,1,2,0.8320425250529221,3.0,0,proxy:v1-sales-heuristic-2026-09
legal services,4.94,49,0,1,1,3,0.9858373809376302,2.8000000000000003,0,proxy:v1-sales-heuristic-2026-09
automotive,4.08,12,1,1,1,5,0.825942924579209,6.6,1,proxy:v1-sales-heuristic-2026-09
pets,4.56,52,0,1,0,2,0.836376534646822,3.6,1,proxy:v1-sales-heuristic-2026-09
local service business,3.74,257,0,1,1,1,0.820629698434066,1.2,1,proxy:v1-sales-heuristic-2026-09
home services,4.06,4,0,1,0,3,0.6441043909665667,3.0,1,proxy:v1-sales-heuristic-2026-09
home services,3.67,9,0,1,1,2,0.9791881791660516,3.6,1,proxy:v1-sales-heuristic-2026-09
food & beverage,4.83,18,0,1,0,3,0.6121137022723613,2.8000000000000003,0,proxy:v1-sales-heuristic-2026-09
local service business,4.32,15,0,1,0,1,0.8523845076740713,2.6,0,proxy:v1-sales-heuristic-2026-09
legal services,4.35,17,0,1,1,4,0.808828692293386,3.6,0,proxy:v1-sales-heuristic-2026-09
food & beverage,4.9,5,0,1,0,4,0.9516448113071108,2.2,0,proxy:v1-sales-heuristic-2026-09
automotive,4.79,114,1,1,0,2,0.8478184811798992,5.8,1,proxy:v1-sales-heuristic-2026-09
beauty & personal care,4.57,5,1,0,0,4,0.9013842193528003,4.8,1,proxy:v1-sales-heuristic-2026-09
home services,3.37,19,1,1,0,1,0.6380129880875349,6.6,1,proxy:v1-sales-heuristic-2026-09
local service business,3.77,77,1,1,0,1,0.9007876218705523,5.6,0,proxy:v1-sales-heuristic-2026-09
legal services,3.6,23,0,1,0,3,0.7735468240325671,3.6,0,proxy:v1-sales-heuristic-2026-09
beauty & personal care,4.55,8,1,1,0,1,0.6125595555999946,6.6,1,proxy:v1-sales-heuristic-2026-09
local service business,4.24,5,1,1,0,6,0.8200370002274088,5.0,1,proxy:v1-sales-heuristic-2026-09
food & beverage,3.39,19,0,1,0,2,0.9409547706922079,3.6,1,proxy:v1-sales-heuristic-2026-09
local service business,4.05,2158,0,1,1,3,0.9067471940722635,-0.30000000000000004,0,proxy:v1-sales-heuristic-2026-09
beauty & personal care,3.33,30,1,1,0,2,0.7150992155990127,6.6,1,proxy:v1-sales-heuristic-2026-09
health care,4.12,1235,1,0,1,3,0.8500990984231397,3.3,1,proxy:v1-sales-heuristic-2026-09
local service business,3.24,59,0,1,0,1,0.7280875200147009,2.6,0,proxy:v1-sales-heuristic-2026-09
beauty & personal care,4.44,27,1,1,1,6,0.8250363996689104,6.6,1,proxy:v1-sales-heuristic-2026-09
pets,4.36,30,0,1,0,2,0.5576630321095472,3.6,1,proxy:v1-sales-heuristic-2026-09
local service business,5.0,119,0,1,1,3,0.4494715997455925,1.7999999999999998,0,proxy:v1-sales-heuristic-2026-09
automotive,4.62,15,0,1,1,6,0.8047219597091556,3.6,1,proxy:v1-sales-heuristic-2026-09
automotive,3.92,11,0,1,1,3,0.9107941385927389,3.6,1,proxy:v1-sales-heuristic-2026-09
fitness,4.6,13,0,0,0,5,0.48143142868842326,2.4,0,proxy:v1-sales-heuristic-2026-09
food & beverage,3.38,19,0,1,1,1,0.7917592048461098,3.6,1,proxy:v1-sales-heuristic-2026-09
automotive,3.62,22,1,1,1,2,0.8618422682433595,6.6,1,proxy:v1-sales-heuristic-2026-09
home services,4.33,9,0,1,1,5,0.7769451674100795,3.6,1,proxy:v1-sales-heuristic-2026-09
legal services,2.96,2,0,1,1,2,0.9446472219589626,2.2,0,proxy:v1-sales-heuristic-2026-09
beauty & personal care,4.13,13,0,1,0,3,0.5552677179889469,3.6,1,proxy:v1-sales-heuristic-2026-09
food & beverage,3.59,36,1,1,0,1,0.7409229023313677,6.6,1,proxy:v1-sales-heuristic-2026-09
local service business,4.21,28,0,1,0,4,0.8134010790014423,2.6,0,proxy:v1-sales-heuristic-2026-09
home services,3.56,91,1,1,0,3,0.8209519534567314,6.6,1,proxy:v1-sales-heuristic-2026-09
local service business,4.38,210,0,0,0,6,0.6202814704692867,0.5999999999999999,0,proxy:v1-sales-heuristic-2026-09
home services,4.16,56,0,1,0,3,0.7764599070382477,3.6,1,proxy:v1-sales-heuristic-2026-09
local service business,4.92,112,0,1,1,5,0.8811159367894814,1.7999999999999998,0,proxy:v1-sales-heuristic-2026-09
fitness,4.15,928,1,1,0,6,0.6785547203739881,4.5,0,proxy:v1-sales-heuristic-2026-09
automotive,3.73,160,1,1,0,6,0.7361904798523472,6.6,1,proxy:v1-sales-heuristic-2026-09
local service business,4.01,187,0,0,0,5,0.6316757285589911,1.4,0,proxy:v1-sales-heuristic-2026-09
home services,3.41,69,1,0,0,4,0.9618577921490765,5.3999999999999995,1,proxy:v1-sales-heuristic-2026-09
automotive,4.37,53,0,1,1,3,0.8274576761757312,3.6,1,proxy:v1-sales-heuristic-2026-09
automotive,4.47,19,0,1,0,1,0.8611274685108028,3.6,1,proxy:v1-sales-heuristic-2026-09
pets,5.0,23,0,1,0,1,0.8169785447982305,2.8000000000000003,0,proxy:v1-sales-heuristic-2026-09
automotive,3.81,16,0,1,1,3,0.6434036271579738,3.6,1,proxy:v1-sales-heuristic-2026-09
beauty & personal care,4.0,48,0,1,1,4,0.7845783983022991,3.6,1,proxy:v1-sales-heuristic-2026-09
automotive,3.83,11,1,1,0,1,0.7755047646015361,6.6,1,proxy:v1-sales-heuristic-2026-09
home services,4.27,19,0,0,1,6,0.9213471044050499,2.4,0,proxy:v1-sales-heuristic-2026-09
food & beverage,4.36,1,1,1,0,6,0.8819819492268387,6.0,1,proxy:v1-sales-heuristic-2026-09
home services,4.12,163,0,1,1,1,0.9060339925865597,3.6,1,proxy:v1-sales-heuristic-2026-09
beauty & personal care,4.75,19,0,1,1,1,0.9701724494967678,2.8000000000000003,1,proxy:v1-sales-heuristic-2026-09
automotive,3.81,40,0,0,0,6,0.883347120028082,2.4,0,proxy:v1-sales-heuristic-2026-09
health care,4.69,121,0,1,0,2,0.5639908445633588,3.6,1,proxy:v1-sales-heuristic-2026-09
food & beverage,4.45,34,0,1,0,2,0.7801129419604962,3.6,1,proxy:v1-sales-heuristic-2026-09
fitness,4.14,120,1,1,0,2,0.6065749246780096,6.6,1,proxy:v1-sales-heuristic-2026-09
automotive,3.98,6,1,1,1,5,0.6007313808844101,6.0,0,proxy:v1-sales-heuristic-2026-09
automotive,5.0,342,0,1,0,1,0.8511107986459252,2.2,0,proxy:v1-sales-heuristic-2026-09
beauty & personal care,3.7,81,0,1,1,2,0.6111392031720048,3.6,1,proxy:v1-sales-heuristic-2026-09
home services,4.31,30,0,1,1,3,0.9875064377479655,3.6,1,proxy:v1-sales-heuristic-2026-09
food & beverage,3.74,3350,0,1,1,4,0.46499013982231874,1.5,0,proxy:v1-sales-heuristic-2026-09
local service business,5.0,6,0,1,0,6,0.4890555936081548,1.2,0,proxy:v1-sales-heuristic-2026-09
food & beverage,4.64,17,0,0,1,2,0.6165768507705551,2.4,0,proxy:v1-sales-heuristic-2026-09
home services,3.78,120,0,1,1,2,0.9642795642900733,3.6,1,proxy:v1-sales-heuristic-2026-09
health care,4.43,3,0,1,0,4,0.7210873866994681,3.0,0,proxy:v1-sales-heuristic-2026-09
automotive,4.29,45,0,1,1,3,0.7946242893128141,3.6,1,proxy:v1-sales-heuristic-2026-09
home services,3.87,44,0,1,0,4,0.8212431781013814,3.6,1,proxy:v1-sales-heuristic-2026-09
food & beverage,4.57,214,0,1,0,2,0.7801028986430767,3.6,1,proxy:v1-sales-heuristic-2026-09
home services,4.36,4,0,1,1,4,0.577471079191482,3.0,0,proxy:v1-sales-heuristic-2026-09
automotive,4.27,144,0,1,0,6,0.4689302108358497,3.6,1,proxy:v1-sales-heuristic-2026-09
local service business,4.13,13,0,1,0,5,0.9136511127603673,2.6,0,proxy:v1-sales-heuristic-2026-09
local service business,4.39,15,0,1,0,5,0.964304649121703,2.6,0,proxy:v1-sales-heuristic-2026-09
automotive,4.28,6,0,1,0,1,0.8526595210041364,3.0,0,proxy:v1-sales-heuristic-2026-09
health care,4.18,7,1,1,0,6,0.6273259181420905,6.0,1,proxy:v1-sales-heuristic-2026-09
legal services,3.8,38,1,1,0,5,0.20545127584346262,6.6,1,proxy:v1-sales-heuristic-2026-09
beauty & personal care,5.0,7,0,1,0,4,0.8926944175223345,2.2,0,proxy:v1-sales-heuristic-2026-09
local service business,3.57,55,1,1,0,1,0.6889097529837647,5.6,1,proxy:v1-sales-heuristic-2026-09
fitness,4.39,11,1,1,1,4,0.5369546870730489,6.6,1,proxy:v1-sales-heuristic-2026-09
local service business,3.97,6,0,1,1,5,0.9661299190827424,2.0,0,proxy:v1-sales-heuristic-2026-09
local service business,5.0,13,0,1,1,4,0.6324448765877864,1.7999999999999998,1,proxy:v1-sales-heuristic-2026-09
automotive,3.65,35,1,1,0,1,0.9413495183716298,6.6,1,proxy:v1-sales-heuristic-2026-09
home services,3.75,18,0,0,1,1,0.7989016309565045,2.4,1,proxy:v1-sales-heuristic-2026-09
health care,3.62,25,0,1,0,3,0.9754377694863806,3.6,1,proxy:v1-sales-heuristic-2026-09
automotive,4.33,52,0,1,1,5,0.7668876804202598,3.6,1,proxy:v1-sales-heuristic-2026-09
food & beverage,3.39,2569,0,1,0,3,0.7701428759695876,1.5,0,proxy:v1-sales-heuristic-2026-09
local service business,3.89,17,0,1,1,5,0.7970228509496183,2.6,0,proxy:v1-sales-heuristic-2026-09
automotive,2.97,7,1,1,0,6,0.821902789541974,5.2,1,proxy:v1-sales-heuristic-2026-09
home services,4.28,26,0,0,0,6,0.6898384305468137,2.4,1,proxy:v1-sales-heuristic-2026-09
local service business,3.87,944,1,1,0,4,0.8625972503148547,3.5,1,proxy:v1-sales-heuristic-2026-09
food & beverage,3.33,4,0,1,0,5,0.6522352726492341,3.0,0,proxy:v1-sales-heuristic-2026-09
home services,4.75,9,1,1,0,1,0.9860638492184719,5.8,1,proxy:v1-sales-heuristic-2026-09
local service business,3.43,11,1,1,1,1,0.3917070336597263,5.6,1,proxy:v1-sales-heuristic-2026-09
home services,4.59,19,1,1,0,5,0.6609599116434883,6.6,1,proxy:v1-sales-heuristic-2026-09
automotive,3.76,10,0,0,0,5,0.5504868972364905,2.4,0,proxy:v1-sales-heuristic-2026-09
automotive,5.0,53,1,1,1,2,0.5989996235551344,5.8,1,proxy:v1-sales-heuristic-2026-09
local service business,4.56,4,0,1,0,4,0.3321275152265978,2.0,0,proxy:v1-sales-heuristic-2026-09
beauty & personal care,3.6,2392,1,1,0,2,0.8348184589551292,4.5,1,proxy:v1-sales-heuristic-2026-09
home services,3.65,16,0,0,1,1,0.7878085710217521,2.4,0,proxy:v1-sales-heuristic-2026-09
automotive,4.48,20,0,0,1,3,0.9165178918473975,2.4,0,proxy:v1-sales-heuristic-2026-09
home services,4.01,4,0,1,0,3,0.9565912059770437,3.0,0,proxy:v1-sales-heuristic-2026-09
local service business,4.06,12,0,1,0,5,0.9180272093448355,2.6,0,proxy:v1-sales-heuristic-2026-09
home services,4.85,15,0,1,0,6,0.9364303704605507,2.8000000000000003,0,proxy:v1-sales-heuristic-2026-09
local service business,3.74,15,0,1,0,6,0.7426467290540539,2.6,0,proxy:v1-sales-heuristic-2026-09
beauty & personal care,4.2,28,1,0,1,1,0.6821746030407515,5.3999999999999995,1,proxy:v1-sales-heuristic-2026-09
home services,4.68,11,0,0,1,6,0.8692961878201833,2.4,0,proxy:v1-sales-heuristic-2026-09
local service business,4.6,124,0,1,1,4,0.8888957127695857,2.6,0,proxy:v1-sales-heuristic-2026-09
home services,4.06,41,0,1,1,2,0.9320310413337979,3.6,1,proxy:v1-sales-heuristic-2026-09
beauty & personal care,3.99,10,0,1,1,4,0.6554423556395315,3.6,1,proxy:v1-sales-heuristic-2026-09
local service business,3.19,27,1,0,1,1,0.8957349882552775,3.6,1,proxy:v1-sales-heuristic-2026-09
food & beverage,3.57,28,0,1,0,3,0.5002373564343711,3.6,0,proxy:v1-sales-heuristic-2026-09
home services,4.33,93,0,0,0,5,0.7243505966049042,2.4,0,proxy:v1-sales-heuristic-2026-09
local service business,4.07,12,0,1,1,6,0.9027305320110964,2.6,0,proxy:v1-sales-heuristic-2026-09
beauty & personal care,4.19,57,1,0,0,2,0.8306032861827428,5.3999999999999995,1,proxy:v1-sales-heuristic-2026-09
food & beverage,4.72,25,0,1,1,2,0.5072081542358751,2.8000000000000003,0,proxy:v1-sales-heuristic-2026-09
automotive,3.5,126,0,1,0,4,0.5822565488310278,3.6,1,proxy:v1-sales-heuristic-2026-09
food & beverage,4.02,101,0,1,0,1,0.8051432512688252,3.6,1,proxy:v1-sales-heuristic-2026-09
beauty & personal care,4.25,30,0,1,0,6,0.7181009191627518,3.6,1,proxy:v1-sales-heuristic-2026-09
pets,3.76,1483,0,1,1,2,0.7152729232952063,1.5,0,proxy:v1-sales-heuristic-2026-09
beauty & personal care,4.94,42,0,0,1,2,0.9878468928099462,1.6,0,proxy:v1-sales-heuristic-2026-09
fitness,4.65,20,0,1,0,2,0.8139788481323645,3.6,1,proxy:v1-sales-heuristic-2026-09
beauty & personal care,4.31,155,1,0,1,3,0.8436715317335314,5.3999999999999995,1,proxy:v1-sales-heuristic-2026-09
food & beverage,5.0,26,1,1,0,5,0.9298070059611633,5.8,1,proxy:v1-sales-heuristic-2026-09
food & beverage,3.33,1122,1,1,0,6,0.7495507735672784,4.5,1,proxy:v1-sales-heuristic-2026-09
pets,4.15,14,1,0,1,5,0.753808441530799,5.3999999999999995,0,proxy:v1-sales-heuristic-2026-09
home services,4.35,6,1,1,0,4,0.8219812104097175,6.0,1,proxy:v1-sales-heuristic-2026-09
food & beverage,3.65,45,0,0,0,2,0.8808165246873392,2.4,0,proxy:v1-sales-heuristic-2026-09
local service business,4.32,9,0,0,0,6,0.7669701444943523,1.4,0,proxy:v1-sales-heuristic-2026-09
health care,3.54,82,0,1,0,6,0.8067207474809421,3.6,1,proxy:v1-sales-heuristic-2026-09
beauty & personal care,4.53,5,0,1,0,4,0.6838023702339812,3.0,0,proxy:v1-sales-heuristic-2026-09
local service business,4.73,28,0,1,1,5,0.7229892680097977,1.7999999999999998,0,proxy:v1-sales-heuristic-2026-09
food & beverage,4.3,86,0,1,1,2,0.9125588130911491,3.6,1,proxy:v1-sales-heuristic-2026-09
automotive,3.13,2,0,1,1,3,0.9957018514399528,2.2,0,proxy:v1-sales-heuristic-2026-09
home services,3.62,225,0,1,0,5,0.7752004773675305,3.6,1,proxy:v1-sales-heuristic-2026-09
automotive,4.46,15,0,1,0,3,0.9661549777786156,3.6,1,proxy:v1-sales-heuristic-2026-09
beauty & personal care,4.16,28,0,1,1,5,0.7940323607467048,3.6,1,proxy:v1-sales-heuristic-2026-09
legal services,2.67,45,1,0,0,6,0.7519976227366194,4.6,1,proxy:v1-sales-heuristic-2026-09
automotive,4.83,54,0,1,1,6,0.716665516969812,2.8000000000000003,1,proxy:v1-sales-heuristic-2026-09
local service business,4.23,33,0,0,0,2,0.6555263968972757,1.4,0,proxy:v1-sales-heuristic-2026-09
local service business,3.7,73,0,1,0,3,0.8000237543286256,2.6,0,proxy:v1-sales-heuristic-2026-09
health care,4.7,1967,0,1,1,3,0.8564863651299952,1.5,0,proxy:v1-sales-heuristic-2026-09
pets,3.78,170,0,1,1,4,0.5686290001548748,3.6,1,proxy:v1-sales-heuristic-2026-09
pets,3.77,43,0,1,1,5,0.9097278394866196,3.6,1,proxy:v1-sales-heuristic-2026-09
local service business,4.35,212,0,1,0,2,0.9966971773018141,1.8,0,proxy:v1-sales-heuristic-2026-09
food & beverage,5.0,66,0,1,0,2,0.873434755519473,2.8000000000000003,1,proxy:v1-sales-heuristic-2026-09
automotive,5.0,3,0,1,0,2,0.8302318163639408,2.2,0,proxy:v1-sales-heuristic-2026-09
home services,4.35,433,1,1,0,5,0.6255373104693016,6.0,1,proxy:v1-sales-heuristic-2026-09
home services,4.4,13,0,1,0,6,0.6915151560945542,3.6,1,proxy:v1-sales-heuristic-2026-09
automotive,4.59,127,1,1,0,1,0.8004488244251808,6.6,1,proxy:v1-sales-heuristic-2026-09
health care,3.46,25,1,1,0,6,0.3018536307817026,6.6,0,proxy:v1-sales-heuristic-2026-09
automotive,4.5,78,0,1,0,1,0.8684570009324,3.6,1,proxy:v1-sales-heuristic-2026-09
local service business,3.75,11,1,1,0,4,0.6818204225498661,5.6,0,proxy:v1-sales-heuristic-2026-09
beauty & personal care,4.33,48,1,1,1,1,0.9456686842909161,6.6,1,proxy:v1-sales-heuristic-2026-09
automotive,4.02,18,0,0,1,6,0.948380794568155,2.4,0,proxy:v1-sales-heuristic-2026-09
automotive,4.43,139,0,1,1,5,0.6694980591496085,3.6,1,proxy:v1-sales-heuristic-2026-09
beauty & personal care,4.21,39,0,1,0,3,0.734226804918476,3.6,1,proxy:v1-sales-heuristic-2026-09
beauty & personal care,2.46,68,0,1,0,5,0.8780741550282608,2.8000000000000003,0,proxy:v1-sales-heuristic-2026-09
automotive,4.25,2884,0,1,0,6,0.8304012500055991,1.5,1,proxy:v1-sales-heuristic-2026-09
beauty & personal care,4.5,22,1,1,1,2,0.9402337543030659,6.6,1,proxy:v1-sales-heuristic-2026-09
beauty & personal care,4.4,38,0,1,0,4,0.8872555152026078,3.6,0,proxy:v1-sales-heuristic-2026-09
food & beverage,4.09,31,1,0,0,2,0.8476193225433857,5.3999999999999995,0,proxy:v1-sales-heuristic-2026-09
food & beverage,5.0,70,0,1,0,5,0.5963810911924426,2.8000000000000003,0,proxy:v1-sales-heuristic-2026-09
food & beverage,4.32,16,0,1,0,4,0.5839795807771573,3.6,0,proxy:v1-sales-heuristic-2026-09
food & beverage,4.39,25,0,1,1,5,0.34480469596153707,3.6,1,proxy:v1-sales-heuristic-2026-09
automotive,4.72,89,0,0,1,4,0.8255042038105594,1.6,0,proxy:v1-sales-heuristic-2026-09
automotive,4.35,601,0,1,0,4,0.9148702061083834,3.0,1,proxy:v1-sales-heuristic-2026-09
beauty & personal care,3.66,46,1,1,1,1,0.9376835799633537,6.6,1,proxy:v1-sales-heuristic-2026-09
legal services,2.81,16,0,1,0,6,0.6484673386137334,2.8000000000000003,0,proxy:v1-sales-heuristic-2026-09
local service business,3.89,8,0,1,0,2,0.9081029222976152,2.6,0,proxy:v1-sales-heuristic-2026-09
local service business,4.57,35,0,0,1,3,0.7479862583050141,1.4,0,proxy:v1-sales-heuristic-2026-09
home services,3.96,94,1,1,0,4,0.9604675348448269,6.6,1,proxy:v1-sales-heuristic-2026-09
home services,4.59,76,1,1,1,6,0.7980974512965651,6.6,1,proxy:v1-sales-heuristic-2026-09
food & beverage,4.23,21,0,1,0,4,0.5609206488362063,3.6,1,proxy:v1-sales-heuristic-2026-09
local service business,4.86,64,0,1,0,2,0.9116886926740465,1.7999999999999998,0,proxy:v1-sales-heuristic-2026-09
legal services,3.99,63,0,1,0,2,0.6861753836135962,3.6,1,proxy:v1-sales-heuristic-2026-09
local service business,4.41,22,0,1,1,2,0.8585351058620917,2.6,0,proxy:v1-sales-heuristic-2026-09
local service business,4.43,11,0,1,0,4,0.6911057015596995,2.6,0,proxy:v1-sales-heuristic-2026-09
home services,4.98,12,0,1,0,5,0.677633580103263,2.8000000000000003,0,proxy:v1-sales-heuristic-2026-09
legal services,3.21,61,1,1,0,5,0.736721577292419,6.6,1,proxy:v1-sales-heuristic-2026-09
local service business,3.9,23,0,1,0,5,0.9449610446584981,2.6,0,proxy:v1-sales-heuristic-2026-09
food & beverage,4.62,7,0,1,0,5,0.8295224459061507,3.0,1,proxy:v1-sales-heuristic-2026-09
local service business,5.0,3,0,1,0,6,0.6533217610928679,1.2,0,proxy:v1-sales-heuristic-2026-09
automotive,4.28,61,0,1,0,6,0.9152010874545381,3.6,1,proxy:v1-sales-heuristic-2026-09
local service business,3.99,13,0,0,0,2,0.7877288488386343,1.4,0,proxy:v1-sales-heuristic-2026-09
local service business,4.57,35,1,1,0,2,0.64525326094361,5.6,1,proxy:v1-sales-heuristic-2026-09
automotive,4.63,95,1,1,0,1,0.8020135278567357,6.6,1,proxy:v1-sales-heuristic-2026-09
fitness,3.95,5,1,0,1,2,0.6935566136609037,4.8,1,proxy:v1-sales-heuristic-2026-09
automotive,4.33,23,0,1,0,4,0.933527534481945,3.6,1,proxy:v1-sales-heuristic-2026-09
local service business,4.8,20,0,1,1,4,0.8772271504602721,1.7999999999999998,0,proxy:v1-sales-heuristic-2026-09
local service business,5.0,37,0,1,1,6,0.9803482720001976,1.7999999999999998,0,proxy:v1-sales-heuristic-2026-09
health care,4.56,95,0,1,0,4,0.8503130118370786,3.6,1,proxy:v1-sales-heuristic-2026-09
local service business,4.17,5,1,1,1,6,0.9139646356743096,5.0,1,proxy:v1-sales-heuristic-2026-09
automotive,4.12,45,0,1,1,4,0.9390545808146049,3.6,1,proxy:v1-sales-heuristic-2026-09
beauty & personal care,4.46,76,1,1,0,6,0.5540486701576472,6.6,0,proxy:v1-sales-heuristic-2026-09
food & beverage,4.09,19,0,1,0,5,0.2777536172736053,3.6,1,proxy:v1-sales-heuristic-2026-09
automotive,4.25,21,1,1,1,3,0.8364920226892388,6.6,1,proxy:v1-sales-heuristic-2026-09
home services,3.57,1630,1,1,0,6,0.5978220575301721,4.5,1,proxy:v1-sales-heuristic-2026-09
beauty & personal care,4.86,3270,1,1,1,6,0.9063014848177121,2.7,0,proxy:v1-sales-heuristic-2026-09
food & beverage,3.52,46,1,1,0,2,0.8721090950849245,6.6,1,proxy:v1-sales-heuristic-2026-09
home services,3.91,45,1,1,1,2,0.8667293379625043,6.6,1,proxy:v1-sales-heuristic-2026-09
local service business,4.2,1743,1,1,1,1,0.914316194343839,3.5,1,proxy:v1-sales-heuristic-2026-09
beauty & personal care,5.0,72,0,1,0,6,0.7217058110504474,2.8000000000000003,0,proxy:v1-sales-heuristic-2026-09
local service business,3.92,887,0,1,0,3,0.5609437646839713,-0.30000000000000004,0,proxy:v1-sales-heuristic-2026-09
home services,3.78,30,0,1,0,4,0.7185474166697235,3.6,1,proxy:v1-sales-heuristic-2026-09
food & beverage,3.85,1842,0,1,0,2,0.8166787686380177,1.5,0,proxy:v1-sales-heuristic-2026-09
home services,5.0,21,0,0,0,3,0.9293291790401196,1.6,0,proxy:v1-sales-heuristic-2026-09
food & beverage,2.6,30,0,1,0,3,0.8044509812785053,2.8000000000000003,0,proxy:v1-sales-heuristic-2026-09
beauty & personal care,3.6,6,0,1,1,4,0.3615462161874283,3.0,0,proxy:v1-sales-heuristic-2026-09
home services,5.0,16,0,1,0,2,0.7108581868297966,2.8000000000000003,0,proxy:v1-sales-heuristic-2026-09
automotive,4.47,5,0,1,0,5,0.9575952593104995,3.0,0,proxy:v1-sales-heuristic-2026-09
food & beverage,3.54,47,1,1,1,3,0.5100392579631302,6.6,1,proxy:v1-sales-heuristic-2026-09
health care,4.13,2579,0,1,0,2,0.677701855712414,1.5,0,proxy:v1-sales-heuristic-2026-09
food & beverage,4.19,4,0,1,1,1,0.4081739967582418,3.0,0,proxy:v1-sales-heuristic-2026-09
local service business,4.62,36,0,0,0,1,0.4948566859713128,1.4,0,proxy:v1-sales-heuristic-2026-09
beauty & personal care,5.0,23,0,1,0,2,0.8490980483174497,2.8000000000000003,0,proxy:v1-sales-heuristic-2026-09
local service business,4.36,43,0,1,0,5,0.6509984660854798,2.6,0,proxy:v1-sales-heuristic-2026-09
local service business,3.85,15,0,1,1,6,0.8165680043066353,2.6,0,proxy:v1-sales-heuristic-2026-09
local service business,4.58,3489,1,1,1,6,0.6785222787277795,3.5,1,proxy:v1-sales-heuristic-2026-09
local service business,3.77,10,1,1,0,2,0.5331911645344074,5.6,1,proxy:v1-sales-heuristic-2026-09
automotive,3.58,13,1,1,0,4,0.8052134479306169,6.6,1,proxy:v1-sales-heuristic-2026-09
home services,3.18,2423,0,1,0,2,0.8968329291456963,0.7000000000000002,0,proxy:v1-sales-heuristic-2026-09
automotive,3.29,746,0,1,0,1,0.5963536509068634,3.0,0,proxy:v1-sales-heuristic-2026-09
local service business,3.66,19,1,1,0,4,0.8390722509343026,5.6,1,proxy:v1-sales-heuristic-2026-09
health care,3.5,15,0,1,0,4,0.4860284749955943,3.6,1,proxy:v1-sales-heuristic-2026-09
beauty & personal care,4.32,16,0,1,0,5,0.909425139378698,3.6,1,proxy:v1-sales-heuristic-2026-09
local service business,3.49,387,0,1,1,1,0.44605080728294255,1.2,0,proxy:v1-sales-heuristic-2026-09
automotive,2.42,10,0,1,0,5,0.6885194548070129,2.8000000000000003,0,proxy:v1-sales-heuristic-2026-09
health care,3.58,13,0,1,0,2,0.8339450568990667,3.6,1,proxy:v1-sales-heuristic-2026-09
pets,3.89,918,0,1,0,2,0.8949798695390253,1.5,0,proxy:v1-sales-heuristic-2026-09
automotive,3.82,2946,0,0,1,1,0.8860404630122095,0.30000000000000004,0,proxy:v1-sales-heuristic-2026-09
health care,4.99,5,0,1,0,2,0.8600046604475684,2.2,0,proxy:v1-sales-heuristic-2026-09
local service business,3.81,61,1,1,0,3,0.6655047815466395,5.6,1,proxy:v1-sales-heuristic-2026-09
automotive,4.63,9,0,1,0,2,0.6090313346379393,3.6,1,proxy:v1-sales-heuristic-2026-09
home services,4.14,66,0,1,0,2,0.762280808126878,3.6,1,proxy:v1-sales-heuristic-2026-09
beauty & personal care,4.13,19,0,1,0,4,0.9159555689012482,3.6,1,proxy:v1-sales-heuristic-2026-09
fitness,3.69,15,0,1,1,1,0.7573305933631008,3.6,1,proxy:v1-sales-heuristic-2026-09
automotive,4.12,144,0,1,0,6,0.9439722643834201,3.6,1,proxy:v1-sales-heuristic-2026-09
local service business,3.73,45,0,1,1,2,0.9948556558083966,2.6,1,proxy:v1-sales-heuristic-2026-09
local service business,4.24,71,0,1,0,5,0.7594066938498208,2.6,0,proxy:v1-sales-heuristic-2026-09
beauty & personal care,4.02,2862,0,1,1,4,0.6802559235147122,1.5,1,proxy:v1-sales-heuristic-2026-09
food & beverage,3.63,15,0,1,1,5,0.6057097116007221,3.6,1,proxy:v1-sales-heuristic-2026-09
health care,4.7,48,1,0,0,2,0.7409217030641372,5.3999999999999995,0,proxy:v1-sales-heuristic-2026-09
pets,4.38,92,0,1,1,2,0.8227725474571524,3.6,1,proxy:v1-sales-heuristic-2026-09
home services,3.9,28,1,1,0,1,0.5016008319718905,6.6,1,proxy:v1-sales-heuristic-2026-09
automotive,4.23,178,0,1,1,2,0.37869743021827684,3.6,1,proxy:v1-sales-heuristic-2026-09
automotive,4.1,62,0,1,0,4,0.7700092398606248,3.6,1,proxy:v1-sales-heuristic-2026-09
local service business,3.67,30,0,0,1,4,0.9112503759387582,1.4,0,proxy:v1-sales-heuristic-2026-09
home services,4.19,32,1,1,0,5,0.9305403535667183,6.6,1,proxy:v1-sales-heuristic-2026-09
local service business,3.81,28,0,1,0,6,0.7253106286915191,2.6,0,proxy:v1-sales-heuristic-2026-09
home services,3.63,6,1,1,0,5,0.9727037264408359,6.0,1,proxy:v1-sales-heuristic-2026-09
local service business,3.26,22,0,1,0,3,0.8671742199935142,2.6,0,proxy:v1-sales-heuristic-2026-09
automotive,3.95,31,0,1,0,3,0.8612878894630539,3.6,1,proxy:v1-sales-heuristic-2026-09
automotive,4.46,15,0,1,0,6,0.9659782324926431,3.6,1,proxy:v1-sales-heuristic-2026-09
local service business,3.77,2489,0,1,1,5,0.9730009596428225,-0.30000000000000004,0,proxy:v1-sales-heuristic-2026-09
local service business,5.0,25,0,1,0,3,0.5521757909687353,1.7999999999999998,1,proxy:v1-sales-heuristic-2026-09
food & beverage,4.64,57,0,0,0,5,0.9330710579272551,2.4,0,proxy:v1-sales-heuristic-2026-09
food & beverage,4.87,50,1,1,0,1,0.9058093997997532,5.8,1,proxy:v1-sales-heuristic-2026-09
home services,4.59,29,0,1,1,5,0.9349329119573085,3.6,1,proxy:v1-sales-heuristic-2026-09
food & beverage,5.0,5,0,1,0,6,0.81720511892442,2.2,0,proxy:v1-sales-heuristic-2026-09
beauty & personal care,3.72,175,0,1,0,4,0.9223693458920142,3.6,1,proxy:v1-sales-heuristic-2026-09
local service business,2.74,20,1,1,0,4,0.7416240835679011,4.8,1,proxy:v1-sales-heuristic-2026-09
beauty & personal care,3.9,22,1,1,0,1,0.8508121659122238,6.6,1,proxy:v1-sales-heuristic-2026-09
pets,4.46,16,0,1,0,4,0.7634849482698167,3.6,1,proxy:v1-sales-heuristic-2026-09
automotive,4.23,14,0,1,1,2,0.7193934827227585,3.6,1,proxy:v1-sales-heuristic-2026-09
automotive,4.3,134,0,1,0,6,0.749177354089755,3.6,1,proxy:v1-sales-heuristic-2026-09
fitness,4.88,112,0,1,0,2,0.7425009099274474,2.8000000000000003,0,proxy:v1-sales-heuristic-2026-09
food & beverage,4.36,3199,0,1,0,2,0.8872854038511253,1.5,0,proxy:v1-sales-heuristic-2026-09
fitness,4.59,21,0,1,0,3,0.9193922700840839,3.6,1,proxy:v1-sales-heuristic-2026-09
automotive,3.63,2831,0,1,0,5,0.5103082654910267,1.5,0,proxy:v1-sales-heuristic-2026-09
local service business,3.55,26,1,0,1,6,0.8092742853890029,4.3999999999999995,1,proxy:v1-sales-heuristic-2026-09
legal services,5.0,1273,0,1,0,3,0.9760146544876594,-0.2999999999999998,0,proxy:v1-sales-heuristic-2026-09
local service business,4.21,35,0,1,1,2,0.8849325674143202,2.6,0,proxy:v1-sales-heuristic-2026-09
automotive,3.81,15,0,0,0,5,0.7228555435130494,2.4,0,proxy:v1-sales-heuristic-2026-09
food & beverage,3.81,32,0,1,1,4,0.8428883390206092,3.6,1,proxy:v1-sales-heuristic-2026-09
food & beverage,3.79,1821,0,0,0,3,0.8916224406004661,0.30000000000000004,1,proxy:v1-sales-heuristic-2026-09
home services,3.76,47,0,0,0,6,0.28517936412822065,2.4,0,proxy:v1-sales-heuristic-2026-09
beauty & personal care,3.44,12,0,1,1,3,0.5593027701158916,3.6,1,proxy:v1-sales-heuristic-2026-09
automotive,3.32,53,0,0,1,4,0.9167599890838907,2.4,0,proxy:v1-sales-heuristic-2026-09
food & beverage,4.04,9,0,1,0,6,0.8963424409312282,3.6,0,proxy:v1-sales-heuristic-2026-09
beauty & personal care,3.82,13,0,1,1,2,0.6951739660908018,3.6,1,proxy:v1-sales-heuristic-2026-09
food & beverage,4.76,13,0,0,0,6,0.7969557831683174,1.6,0,proxy:v1-sales-heuristic-2026-09
beauty & personal care,4.31,7,0,1,0,6,0.7737954561188631,3.0,0,proxy:v1-sales-heuristic-2026-09
beauty & personal care,4.3,74,0,1,1,3,0.9542365113899767,3.6,1,proxy:v1-sales-heuristic-2026-09
fitness,3.74,8,1,1,0,3,0.7055859513762814,6.6,1,proxy:v1-sales-heuristic-2026-09
food & beverage,4.08,11,0,1,1,1,0.7759397430228141,3.6,1,proxy:v1-sales-heuristic-2026-09
food & beverage,4.35,97,0,1,1,1,0.856968646027007,3.6,1,proxy:v1-sales-heuristic-2026-09
home services,4.54,13,1,1,1,6,0.8020506532047428,6.6,1,proxy:v1-sales-heuristic-2026-09
local service business,4.1,19,1,1,0,3,0.7898824006329606,5.6,1,proxy:v1-sales-heuristic-2026-09
food & beverage,4.74,8,0,1,0,5,0.46044797628985534,2.8000000000000003,0,proxy:v1-sales-heuristic-2026-09
health care,4.15,61,0,1,1,2,0.7939103887710398,3.6,1,proxy:v1-sales-heuristic-2026-09
local service business,4.59,62,0,0,0,2,0.5740530988069932,1.4,1,proxy:v1-sales-heuristic-2026-09
home services,3.88,55,1,1,0,5,0.5939188006522312,6.6,1,proxy:v1-sales-heuristic-2026-09
local service business,3.15,2071,0,1,0,4,0.5845320706488114,-1.1,0,proxy:v1-sales-heuristic-2026-09
local service business,4.3,26,1,1,0,2,0.5174279470353996,5.6,1,proxy:v1-sales-heuristic-2026-09
automotive,4.55,13,0,1,0,1,0.8944406091354276,3.6,1,proxy:v1-sales-heuristic-2026-09
home services,4.47,10,1,1,0,5,0.7794551709464215,6.6,1,proxy:v1-sales-heuristic-2026-09
pets,4.38,2017,1,1,1,1,0.901347474915564,4.5,1,proxy:v1-sales-heuristic-2026-09
local service business,3.96,56,1,1,0,1,0.424977231310397,5.6,1,proxy:v1-sales-heuristic-2026-09
home services,3.71,11,0,0,1,2,0.7850086676992053,2.4,0,proxy:v1-sales-heuristic-2026-09
automotive,4.45,25,0,1,0,6,0.6581128843924168,3.6,1,proxy:v1-sales-heuristic-2026-09
health care,4.38,17,0,1,0,4,0.771140165156292,3.6,1,proxy:v1-sales-heuristic-2026-09
automotive,3.84,7,0,1,1,1,0.7526579925156612,3.0,1,proxy:v1-sales-heuristic-2026-09
legal services,4.76,29,0,0,1,6,0.7695627827276511,1.6,1,proxy:v1-sales-heuristic-2026-09
home services,3.66,15,0,1,0,6,0.7177330552304945,3.6,1,proxy:v1-sales-heuristic-2026-09
pets,3.83,8,0,1,0,5,0.8250654641184705,3.6,1,proxy:v1-sales-heuristic-2026-09
local service business,5.0,4,0,0,0,1,0.9455401944301757,0.0,0,proxy:v1-sales-heuristic-2026-09
fitness,4.63,4,1,0,0,1,0.9144836159877946,4.8,1,proxy:v1-sales-heuristic-2026-09
health care,3.95,16,0,1,1,6,0.6047662337067542,3.6,1,proxy:v1-sales-heuristic-2026-09
legal services,4.31,22,0,1,1,5,0.8804337254920048,3.6,1,proxy:v1-sales-heuristic-2026-09
local service business,4.24,9,0,1,0,5,0.6901161449050354,2.6,0,proxy:v1-sales-heuristic-2026-09
local service business,2.64,50,1,1,0,3,0.9158412611308221,4.8,1,proxy:v1-sales-heuristic-2026-09
automotive,3.65,22,0,1,0,4,0.948206671606909,3.6,1,proxy:v1-sales-heuristic-2026-09
health care,4.12,46,0,1,1,2,0.8705453253983358,3.6,1,proxy:v1-sales-heuristic-2026-09
beauty & personal care,3.95,20,1,1,1,1,0.916741091098166,6.6,1,proxy:v1-sales-heuristic-2026-09
local service business,4.29,10,1,1,0,2,0.9340018136987132,5.6,1,proxy:v1-sales-heuristic-2026-09
fitness,4.77,27,0,0,0,4,0.8018810874317605,1.6,0,proxy:v1-sales-heuristic-2026-09
home services,3.97,6,0,1,0,3,0.4857630842647872,3.0,0,proxy:v1-sales-heuristic-2026-09
beauty & personal care,3.57,44,1,1,1,4,0.8122115294329455,6.6,1,proxy:v1-sales-heuristic-2026-09
food & beverage,4.33,8,0,1,0,3,0.9532912727049111,3.6,0,proxy:v1-sales-heuristic-2026-09
pets,3.97,67,0,1,0,4,0.6773105393089666,3.6,1,proxy:v1-sales-heuristic-2026-09
beauty & personal care,4.06,16,0,1,0,6,0.5720285818600246,3.6,1,proxy:v1-sales-heuristic-2026-09
automotive,3.99,78,1,1,0,4,0.7827898497550241,6.6,1,proxy:v1-sales-heuristic-2026-09
local service business,5.0,7,0,1,0,6,0.8787586051669988,1.2,0,proxy:v1-sales-heuristic-2026-09
legal services,2.92,11,1,1,0,6,0.8562271900457334,5.8,1,proxy:v1-sales-heuristic-2026-09
beauty & personal care,3.94,37,0,1,0,4,0.795308321912037,3.6,1,proxy:v1-sales-heuristic-2026-09
beauty & personal care,4.15,88,1,1,0,6,0.7506919955403212,6.6,1,proxy:v1-sales-heuristic-2026-09
local service business,3.72,153,0,1,0,2,0.9812842781856705,2.6,0,proxy:v1-sales-heuristic-2026-09
pets,4.64,2452,0,1,1,4,0.37749014294823263,1.5,0,proxy:v1-sales-heuristic-2026-09
health care,4.6,185,0,1,0,1,0.6895892995015219,3.6,1,proxy:v1-sales-heuristic-2026-09
food & beverage,4.12,17,1,1,1,1,0.9034486857087884,6.6,1,proxy:v1-sales-heuristic-2026-09
beauty & personal care,4.0,82,0,1,1,1,0.896707412031385,3.6,1,proxy:v1-sales-heuristic-2026-09
automotive,4.09,2634,0,1,0,1,0.6204672827012108,1.5,0,proxy:v1-sales-heuristic-2026-09
pets,4.09,38,0,1,1,3,0.9431621728817714,3.6,1,proxy:v1-sales-heuristic-2026-09
automotive,4.11,1,0,1,0,5,0.751112870497835,3.0,0,proxy:v1-sales-heuristic-2026-09
automotive,4.05,7,1,1,0,6,0.6729287746717855,6.0,1,proxy:v1-sales-heuristic-2026-09
pets,4.29,40,1,1,1,6,0.8522363600615074,6.6,1,proxy:v1-sales-heuristic-2026-09
local service business,4.56,5,0,1,1,2,0.818602686025254,2.0,0,proxy:v1-sales-heuristic-2026-09
legal services,3.47,39,0,1,1,3,0.8480952017641502,3.6,1,proxy:v1-sales-heuristic-2026-09
home services,3.57,66,1,1,1,3,0.849637479504365,6.6,1,proxy:v1-sales-heuristic-2026-09
home services,3.19,14,0,1,1,1,0.7647551720616079,2.8000000000000003,0,proxy:v1-sales-heuristic-2026-09
home services,4.63,8,0,1,1,1,0.9654835866505918,3.6,1,proxy:v1-sales-heuristic-2026-09
food & beverage,4.29,14,0,0,1,3,0.6903139447575899,2.4,0,proxy:v1-sales-heuristic-2026-09
home services,4.43,8,1,1,0,6,0.7527094881489111,6.6,1,proxy:v1-sales-heuristic-2026-09
home services,3.36,21,1,1,1,3,0.45914001060847026,6.6,1,proxy:v1-sales-heuristic-2026-09
health care,5.0,27,0,0,1,3,0.9266097611473345,1.6,0,proxy:v1-sales-heuristic-2026-09
local service business,3.82,17,0,1,1,6,0.5029792525216448,2.6,0,proxy:v1-sales-heuristic-2026-09
local service business,4.24,154,0,1,1,3,0.7379810875048229,2.6,0,proxy:v1-sales-heuristic-2026-09
automotive,4.62,11,0,1,1,5,0.6512252821489679,3.6,0,proxy:v1-sales-heuristic-2026-09
food & beverage,3.61,113,0,1,1,6,0.9318522579548784,3.6,1,proxy:v1-sales-heuristic-2026-09
beauty & personal care,3.85,901,1,0,0,1,0.633956229327863,3.3,1,proxy:v1-sales-heuristic-2026-09
food & beverage,4.25,26,0,1,0,4,0.88727831506347,3.6,1,proxy:v1-sales-heuristic-2026-09
beauty & personal care,5.0,90,1,1,1,3,0.7745080042630211,5.8,1,proxy:v1-sales-heuristic-2026-09
automotive,4.32,85,0,1,1,1,0.8961760880355247,3.6,1,proxy:v1-sales-heuristic-2026-09
legal services,5.0,15,1,1,0,1,0.6614983593095998,5.8,0,proxy:v1-sales-heuristic-2026-09
home services,4.81,2248,1,1,0,4,0.8512178505428805,3.7,1,proxy:v1-sales-heuristic-2026-09
local service business,4.35,38,0,1,1,4,0.6907162537829785,2.6,0,proxy:v1-sales-heuristic-2026-09
automotive,3.61,13,0,1,0,4,0.5682763870377775,3.6,1,proxy:v1-sales-heuristic-2026-09
automotive,4.73,48,0,1,0,5,0.8447870574825201,2.8000000000000003,1,proxy:v1-sales-heuristic-2026-09
food & beverage,3.33,190,0,1,0,5,0.8774149498161266,3.6,1,proxy:v1-sales-heuristic-2026-09
automotive,5.0,41,0,0,0,1,0.7965145613905013,1.6,1,proxy:v1-sales-heuristic-2026-09
beauty & personal care,4.26,45,0,1,0,1,0.7710914276679219,3.6,1,proxy:v1-sales-heuristic-2026-09
local service business,2.69,51,0,1,0,3,0.7858170139837674,1.7999999999999998,0,proxy:v1-sales-heuristic-2026-09
beauty & personal care,3.96,4,0,1,0,4,0.6808634623252564,3.0,0,proxy:v1-sales-heuristic-2026-09
beauty & personal care,4.51,40,0,0,0,6,0.9325586851422655,2.4,0,proxy:v1-sales-heuristic-2026-09
health care,4.02,8,0,1,0,6,0.8141872858006838,3.6,1,proxy:v1-sales-heuristic-2026-09
home services,4.54,12,0,1,1,5,0.6978662589297472,3.6,1,proxy:v1-sales-heuristic-2026-09
health care,3.68,264,1,1,1,2,0.4533279582819667,6.0,1,proxy:v1-sales-heuristic-2026-09
food & beverage,3.43,18,0,0,0,4,0.7132977294723682,2.4,0,proxy:v1-sales-heuristic-2026-09
local service business,4.11,712,0,0,0,1,0.8975312131150647,0.0,1,proxy:v1-sales-heuristic-2026-09
automotive,4.17,2083,0,1,0,3,0.7303381515147388,1.5,0,proxy:v1-sales-heuristic-2026-09
home services,3.96,8,0,1,1,1,0.5906284861720157,3.6,1,proxy:v1-sales-heuristic-2026-09
pets,4.83,14,1,0,0,6,0.8709210718104059,4.6,1,proxy:v1-sales-heuristic-2026-09
local service business,3.68,96,1,1,1,3,0.7317127877845729,5.6,1,proxy:v1-sales-heuristic-2026-09
food & beverage,4.32,25,0,1,0,5,0.9812406280766865,3.6,1,proxy:v1-sales-heuristic-2026-09
health care,4.19,4,0,1,0,1,0.902945161267282,3.0,0,proxy:v1-sales-heuristic-2026-09
automotive,3.29,44,0,1,1,6,0.86879785241923,3.6,1,proxy:v1-sales-heuristic-2026-09
automotive,3.42,15,1,0,0,4,0.8196806597806219,5.3999999999999995,1,proxy:v1-sales-heuristic-2026-09
automotive,4.16,133,0,1,1,1,0.550390812728924,3.6,1,proxy:v1-sales-heuristic-2026-09
pets,5.0,12,0,1,1,3,0.9553072348390096,2.8000000000000003,0,proxy:v1-sales-heuristic-2026-09
beauty & personal care,4.47,77,0,1,0,2,0.6263165462307575,3.6,1,proxy:v1-sales-heuristic-2026-09
pets,3.2,172,1,1,1,1,0.5862972759468023,6.6,1,proxy:v1-sales-heuristic-2026-09
automotive,2.44,9,0,1,0,1,0.822954128282423,2.8000000000000003,1,proxy:v1-sales-heuristic-2026-09
local service business,4.55,19,0,1,0,5,0.8780462412131662,2.6,0,proxy:v1-sales-heuristic-2026-09
local service business,4.1,37,0,1,1,6,0.528207843301642,2.6,0,proxy:v1-sales-heuristic-2026-09
automotive,4.78,9,0,1,0,4,0.9402726070746855,2.8000000000000003,0,proxy:v1-sales-heuristic-2026-09
automotive,3.67,1824,0,1,0,5,0.8695119080325369,1.5,0,proxy:v1-sales-heuristic-2026-09
automotive,4.34,19,0,1,0,1,0.794345071781573,3.6,1,proxy:v1-sales-heuristic-2026-09
local service business,4.62,18,0,1,0,2,0.7358869567916386,2.6,0,proxy:v1-sales-heuristic-2026-09
beauty & personal care,3.9,25,0,1,0,1,0.7473521385588723,3.6,1,proxy:v1-sales-heuristic-2026-09
health care,3.92,26,1,0,0,6,0.5812241558746059,5.3999999999999995,1,proxy:v1-sales-heuristic-2026-09
home services,4.16,29,0,1,1,5,0.6646177145492164,3.6,1,proxy:v1-sales-heuristic-2026-09
local service business,4.45,12,0,1,1,6,0.7652788153359803,2.6,0,proxy:v1-sales-heuristic-2026-09
home services,4.14,13,1,1,0,6,0.6008106187851083,6.6,1,proxy:v1-sales-heuristic-2026-09
home services,4.69,21,0,0,1,2,0.6003912883920988,2.4,0,proxy:v1-sales-heuristic-2026-09
local service business,3.9,23,0,1,0,4,0.6927194230767383,2.6,0,proxy:v1-sales-heuristic-2026-09
automotive,3.42,15,0,1,0,4,0.7488113428539636,3.6,1,proxy:v1-sales-heuristic-2026-09
local service business,5.0,35,0,1,1,5,0.9366205380997376,1.7999999999999998,0,proxy:v1-sales-heuristic-2026-09
automotive,3.82,3,0,1,0,5,0.7392859255873195,3.0,0,proxy:v1-sales-heuristic-2026-09
home services,3.84,10,0,1,1,3,0.524027529378167,3.6,1,proxy:v1-sales-heuristic-2026-09
local service business,4.11,18,0,1,1,1,0.9628774712499506,2.6,0,proxy:v1-sales-heuristic-2026-09
fitness,4.19,9,0,1,0,6,0.8878662470341177,3.6,1,proxy:v1-sales-heuristic-2026-09
pets,3.94,147,0,1,0,5,0.7728410431220457,3.6,1,proxy:v1-sales-heuristic-2026-09
beauty & personal care,4.14,25,0,1,0,6,0.6366061921322791,3.6,1,proxy:v1-sales-heuristic-2026-09
food & beverage,4.13,29,0,1,1,2,0.8416892014704133,3.6,0,proxy:v1-sales-heuristic-2026-09
food & beverage,4.25,14,1,1,0,1,0.8006637828081341,6.6,1,proxy:v1-sales-heuristic-2026-09
home services,2.85,24,1,1,0,6,0.6989461621513201,5.8,1,proxy:v1-sales-heuristic-2026-09
home services,5.0,6,0,1,0,5,0.6337313833865758,2.2,0,proxy:v1-sales-heuristic-2026-09
food & beverage,4.07,1196,0,0,1,6,0.9651784216372424,0.30000000000000004,0,proxy:v1-sales-heuristic-2026-09
food & beverage,4.47,8,0,0,0,3,0.4486412645134006,2.4,0,proxy:v1-sales-heuristic-2026-09
beauty & personal care,3.39,18,0,0,0,6,0.47798348113853373,2.4,0,proxy:v1-sales-heuristic-2026-09
food & beverage,3.89,1,1,1,0,2,0.6381975005833633,6.0,1,proxy:v1-sales-heuristic-2026-09
automotive,3.78,7,0,1,1,5,0.7365677257745262,3.0,0,proxy:v1-sales-heuristic-2026-09
local service business,4.96,122,0,1,0,3,0.762451494779099,1.7999999999999998,0,proxy:v1-sales-heuristic-2026-09
health care,3.83,61,0,1,0,1,0.7186271911020286,3.6,1,proxy:v1-sales-heuristic-2026-09
automotive,4.57,104,0,1,0,5,0.6216077336754965,3.6,1,proxy:v1-sales-heuristic-2026-09
pets,3.79,112,0,1,0,3,0.6773101609774534,3.6,1,proxy:v1-sales-heuristic-2026-09
local service business,3.9,3473,0,1,1,1,0.7993732467396352,-0.30000000000000004,0,proxy:v1-sales-heuristic-2026-09
beauty & personal care,4.01,14,0,1,0,5,0.5872327492584676,3.6,1,proxy:v1-sales-heuristic-2026-09
automotive,4.86,7,0,1,0,5,0.8835781045501482,2.2,0,proxy:v1-sales-heuristic-2026-09
automotive,3.11,86,0,0,0,2,0.918387524026882,1.6,0,proxy:v1-sales-heuristic-2026-09
automotive,3.43,26,0,1,0,6,0.7345752195840108,3.6,1,proxy:v1-sales-heuristic-2026-09
legal services,3.08,381,0,1,0,5,0.8257029778648067,2.2,0,proxy:v1-sales-heuristic-2026-09
local service business,3.55,16,0,1,1,1,0.47850727311470476,2.6,0,proxy:v1-sales-heuristic-2026-09
automotive,3.7,214,0,1,0,3,0.5623400808230925,3.6,1,proxy:v1-sales-heuristic-2026-09
legal services,3.26,20,0,0,0,6,0.8514230229318819,2.4,0,proxy:v1-sales-heuristic-2026-09
automotive,3.75,106,0,1,1,2,0.8409661799062644,3.6,1,proxy:v1-sales-heuristic-2026-09
health care,3.04,158,0,1,0,6,0.9191889515029681,2.8000000000000003,0,proxy:v1-sales-heuristic-2026-09
legal services,3.59,7,1,1,1,4,0.9422924167205271,6.0,1,proxy:v1-sales-heuristic-2026-09
food & beverage,4.81,14,1,1,0,5,0.43023657942831384,5.8,1,proxy:v1-sales-heuristic-2026-09
automotive,4.37,7,0,0,0,5,0.7648646856847516,1.8,0,proxy:v1-sales-heuristic-2026-09
health care,4.25,6,0,0,0,4,0.5868832453655394,1.8,0,proxy:v1-sales-heuristic-2026-09
local service business,3.6,51,0,1,0,4,0.31147200121779817,2.6,0,proxy:v1-sales-heuristic-2026-09
beauty & personal care,3.31,19,0,1,1,4,0.812741345878704,3.6,1,proxy:v1-sales-heuristic-2026-09
beauty & personal care,3.52,25,0,1,0,4,0.7281704014266206,3.6,1,proxy:v1-sales-heuristic-2026-09
automotive,4.13,45,0,1,0,5,0.9649569744557807,3.6,1,proxy:v1-sales-heuristic-2026-09
health care,4.63,3,1,1,1,3,0.9983749390378881,6.0,1,proxy:v1-sales-heuristic-2026-09
health care,4.65,101,1,1,1,3,0.8978948688445809,6.6,1,proxy:v1-sales-heuristic-2026-09
local service business,4.5,16,0,1,0,5,0.8084602669316584,2.6,0,proxy:v1-sales-heuristic-2026-09
legal services,3.74,44,1,0,0,5,0.5841369618928455,5.3999999999999995,1,proxy:v1-sales-heuristic-2026-09
local service business,4.16,48,0,1,1,4,0.9578943422469663,2.6,0,proxy:v1-sales-heuristic-2026-09
local service business,3.97,110,0,1,1,3,0.7018280912764644,2.6,0,proxy:v1-sales-heuristic-2026-09
beauty & personal care,4.04,21,0,1,1,4,0.6074763195108392,3.6,1,proxy:v1-sales-heuristic-2026-09
health care,5.0,2,0,0,0,4,0.9585062285962854,1.0,0,proxy:v1-sales-heuristic-2026-09
beauty & personal care,3.18,26,0,1,0,3,0.9201552167224746,2.8000000000000003,0,proxy:v1-sales-heuristic-2026-09
food & beverage,4.02,1348,0,1,0,2,0.8658719801165989,1.5,0,proxy:v1-sales-heuristic-2026-09
local service business,4.82,7,0,1,0,4,0.8365401071409607,1.2,0,proxy:v1-sales-heuristic-2026-09
pets,3.34,28,0,1,1,3,0.8858182431422549,3.6,0,proxy:v1-sales-heuristic-2026-09
local service business,3.8,16,0,1,0,1,0.6125325467338806,2.6,0,proxy:v1-sales-heuristic-2026-09
food & beverage,3.86,5,0,1,0,6,0.7658311145507531,3.0,0,proxy:v1-sales-heuristic-2026-09
home services,4.03,51,0,1,0,5,0.6342788991389574,3.6,1,proxy:v1-sales-heuristic-2026-09
home services,3.27,13,0,1,0,1,0.9770866177118509,3.6,1,proxy:v1-sales-heuristic-2026-09
automotive,4.48,15,1,1,0,2,0.8899405561851397,6.6,1,proxy:v1-sales-heuristic-2026-09
beauty & personal care,4.52,14,0,1,0,4,0.7288443415385444,3.6,1,proxy:v1-sales-heuristic-2026-09
home services,4.43,95,0,1,1,6,0.8722115554123735,3.6,1,proxy:v1-sales-heuristic-2026-09
automotive,3.67,763,0,1,1,3,0.9421290716965098,3.0,0,proxy:v1-sales-heuristic-2026-09
local service business,4.2,1639,0,1,0,5,0.6739201276348399,-0.30000000000000004,0,proxy:v1-sales-heuristic-2026-09
automotive,3.66,15,0,0,0,1,0.7681028524565134,2.4,0,proxy:v1-sales-heuristic-2026-09
beauty & personal care,3.97,40,0,1,1,4,0.898293849310954,3.6,1,proxy:v1-sales-heuristic-2026-09
legal services,5.0,108,1,1,0,5,0.8093986401737253,5.8,1,proxy:v1-sales-heuristic-2026-09
automotive,4.2,50,0,1,0,6,0.9332842741786269,3.6,1,proxy:v1-sales-heuristic-2026-09
local service business,3.5,2796,1,1,0,2,0.7042037414634407,3.5,1,proxy:v1-sales-heuristic-2026-09
pets,4.25,47,0,1,0,5,0.9839349411461716,3.6,1,proxy:v1-sales-heuristic-2026-09
automotive,3.41,5,0,1,1,1,0.8009191382069424,3.0,0,proxy:v1-sales-heuristic-2026-09
pets,3.49,9,0,1,0,1,0.9771582645477425,3.6,1,proxy:v1-sales-heuristic-2026-09
fitness,3.58,19,0,1,0,6,0.9658594570946087,3.6,1,proxy:v1-sales-heuristic-2026-09
legal services,3.91,11,0,1,0,5,0.996431533497555,3.6,1,proxy:v1-sales-heuristic-2026-09
local service business,4.67,7,0,1,0,2,0.851832749026167,2.0,0,proxy:v1-sales-heuristic-2026-09
pets,4.47,3,0,1,1,6,0.8855805733499685,3.0,0,proxy:v1-sales-heuristic-2026-09
health care,4.44,5,0,1,1,6,0.9768561293761816,3.0,0,proxy:v1-sales-heuristic-2026-09
food & beverage,3.55,18,0,1,1,1,0.4084374923218023,3.6,1,proxy:v1-sales-heuristic-2026-09
pets,3.85,22,1,1,0,1,0.7436790907878242,6.6,1,proxy:v1-sales-heuristic-2026-09
local service business,4.3,10,0,1,0,2,0.716420589250868,2.6,0,proxy:v1-sales-heuristic-2026-09
health care,3.8,26,1,1,0,5,0.8560977552244621,6.6,1,proxy:v1-sales-heuristic-2026-09
fitness,4.0,15,0,1,0,4,0.6738851381764391,3.6,1,proxy:v1-sales-heuristic-2026-09
home services,4.39,81,1,1,1,4,0.81162631239464,6.6,1,proxy:v1-sales-heuristic-2026-09
legal services,3.96,20,0,1,0,3,0.5004030061495627,3.6,1,proxy:v1-sales-heuristic-2026-09
local service business,4.27,52,1,0,0,3,0.43988098706977335,4.3999999999999995,0,proxy:v1-sales-heuristic-2026-09
automotive,5.0,30,0,0,1,4,0.9384397424810711,1.6,0,proxy:v1-sales-heuristic-2026-09
beauty & personal care,4.06,5,0,1,0,1,0.8308819562817609,3.0,0,proxy:v1-sales-heuristic-2026-09
home services,4.8,22,0,0,0,4,0.6307327072459381,1.6,0,proxy:v1-sales-heuristic-2026-09
home services,4.46,6,1,1,0,2,0.9228782843836485,6.0,1,proxy:v1-sales-heuristic-2026-09
health care,3.34,21,0,1,1,5,0.932901066910042,3.6,1,proxy:v1-sales-heuristic-2026-09
automotive,3.54,10,0,1,0,2,0.7427221843390821,3.6,1,proxy:v1-sales-heuristic-2026-09
food & beverage,3.69,37,0,1,0,1,0.8713202631741958,3.6,1,proxy:v1-sales-heuristic-2026-09
health care,3.68,5,0,0,0,3,0.45932051640958177,1.8,0,proxy:v1-sales-heuristic-2026-09
health care,4.1,24,0,1,1,3,0.854016165953696,3.6,1,proxy:v1-sales-heuristic-2026-09
fitness,4.49,46,0,1,1,4,0.7271589992017367,3.6,1,proxy:v1-sales-heuristic-2026-09
pets,4.84,66,0,1,0,6,0.9201680859662745,2.8000000000000003,0,proxy:v1-sales-heuristic-2026-09
fitness,4.32,10,1,1,1,5,0.6375710831477158,6.6,1,proxy:v1-sales-heuristic-2026-09
local service business,3.9,25,0,0,1,3,0.6399520176657854,1.4,0,proxy:v1-sales-heuristic-2026-09
fitness,3.0,30,1,1,0,5,0.5641261057862794,5.8,1,proxy:v1-sales-heuristic-2026-09
home services,4.19,134,0,0,1,4,0.866755006312558,2.4,0,proxy:v1-sales-heuristic-2026-09
health care,4.16,4,0,1,0,2,0.6715148748260524,3.0,0,proxy:v1-sales-heuristic-2026-09
automotive,4.25,9,0,1,0,1,0.6668451933784892,3.6,1,proxy:v1-sales-heuristic-2026-09
beauty & personal care,5.0,536,0,1,0,1,0.6023575935867096,1.2000000000000002,1,proxy:v1-sales-heuristic-2026-09
home services,4.83,18,0,1,0,2,0.9447615873098728,2.8000000000000003,0,proxy:v1-sales-heuristic-2026-09
local service business,4.58,3,1,1,0,5,0.7258994012886647,5.0,1,proxy:v1-sales-heuristic-2026-09
fitness,3.62,12,0,1,1,3,0.8422954837352228,3.6,1,proxy:v1-sales-heuristic-2026-09
automotive,3.87,1,0,1,1,3,0.6268624625146317,3.0,0,proxy:v1-sales-heuristic-2026-09
health care,4.1,31,1,1,0,3,0.8187026003240996,6.6,1,proxy:v1-sales-heuristic-2026-09
beauty & personal care,3.72,626,1,1,1,2,0.6259680075731922,6.0,1,proxy:v1-sales-heuristic-2026-09
legal services,4.43,8,0,1,0,5,0.8821171315591912,3.6,1,proxy:v1-sales-heuristic-2026-09
local service business,4.35,14,0,1,0,1,0.8587593954137895,2.6,0,proxy:v1-sales-heuristic-2026-09
health care,3.55,67,0,1,1,4,0.6644368106885714,3.6,1,proxy:v1-sales-heuristic-2026-09
health care,4.81,3,0,1,1,6,0.7988071643110758,2.2,1,proxy:v1-sales-heuristic-2026-09
food & beverage,4.21,5,0,1,0,6,0.5678341597928053,3.0,0,proxy:v1-sales-heuristic-2026-09
home services,3.2,19,1,1,0,3,0.8485542699322168,6.6,1,proxy:v1-sales-heuristic-2026-09
local service business,4.12,10,1,1,1,6,0.2778065444375201,5.6,1,proxy:v1-sales-heuristic-2026-09
pets,4.3,17,1,1,1,2,0.9358900706236352,6.6,0,proxy:v1-sales-heuristic-2026-09
home services,4.69,6,0,1,1,2,0.690541435111457,3.0,0,proxy:v1-sales-heuristic-2026-09
food & beverage,3.96,31,0,1,0,3,0.9712037174754136,3.6,1,proxy:v1-sales-heuristic-2026-09
automotive,4.61,20,0,0,1,1,0.9306966679626534,2.4,0,proxy:v1-sales-heuristic-2026-09
automotive,4.25,44,1,0,0,2,0.9074465412005878,5.3999999999999995,1,proxy:v1-sales-heuristic-2026-09
beauty & personal care,3.43,30,0,1,1,6,0.8735907243662162,3.6,1,proxy:v1-sales-heuristic-2026-09
food & beverage,3.37,30,0,0,0,5,0.6851072591641503,2.4,0,proxy:v1-sales-heuristic-2026-09
local service business,4.77,4,0,1,0,2,0.929018166397752,1.2,0,proxy:v1-sales-heuristic-2026-09
home services,4.81,42,0,1,1,2,0.8086009243782522,2.8000000000000003,0,proxy:v1-sales-heuristic-2026-09
beauty & personal care,4.33,17,0,1,0,3,0.6207279721328728,3.6,1,proxy:v1-sales-heuristic-2026-09
automotive,4.97,2029,0,1,0,1,0.7096366097662922,-0.2999999999999998,0,proxy:v1-sales-heuristic-2026-09
food & beverage,4.73,77,0,1,0,1,0.8746511686890986,2.8000000000000003,0,proxy:v1-sales-heuristic-2026-09
local service business,4.53,11,0,0,0,6,0.7367619135209543,1.4,0,proxy:v1-sales-heuristic-2026-09
food & beverage,3.65,108,0,0,0,5,0.8809186684317968,2.4,0,proxy:v1-sales-heuristic-2026-09
local service business,5.0,120,0,1,1,5,0.752468709108388,1.7999999999999998,0,proxy:v1-sales-heuristic-2026-09
local service business,4.44,56,0,1,0,2,0.9854218531878822,2.6,0,proxy:v1-sales-heuristic-2026-09
automotive,3.94,8,0,1,0,6,0.9131811626082421,3.6,1,proxy:v1-sales-heuristic-2026-09
health care,3.78,2,0,1,0,2,0.8747932727873935,3.0,0,proxy:v1-sales-heuristic-2026-09
local service business,4.29,80,0,1,1,6,0.7645010669421597,2.6,0,proxy:v1-sales-heuristic-2026-09
food & beverage,3.23,27,0,0,1,4,0.34642826898208007,2.4,0,proxy:v1-sales-heuristic-2026-09
automotive,4.53,10,0,1,1,2,0.6219690908257163,3.6,1,proxy:v1-sales-heuristic-2026-09
local service business,3.63,89,0,1,1,5,0.8331587417528948,2.6,0,proxy:v1-sales-heuristic-2026-09
local service business,4.35,1810,0,0,0,3,0.9358697128614023,-1.5,1,proxy:v1-sales-heuristic-2026-09
home services,3.86,15,1,1,0,2,0.9717946855020917,6.6,1,proxy:v1-sales-heuristic-2026-09
health care,4.0,43,0,1,1,5,0.8302869965017793,3.6,1,proxy:v1-sales-heuristic-2026-09
beauty & personal care,3.73,7,0,1,1,5,0.8168528939966007,3.0,0,proxy:v1-sales-heuristic-2026-09
local service business,4.06,21,0,1,1,4,0.9168688643462359,2.6,0,proxy:v1-sales-heuristic-2026-09
home services,5.0,81,0,1,1,3,0.359758073436398,2.8000000000000003,0,proxy:v1-sales-heuristic-2026-09
